,sahm,indpro,sp500,tr10,t10yff,unrate,pcepi,recession,date
1,-0.17,0.01622891611678684,0.01613867880706258,-0.04373737373737363,1.6505555555555556,0.055,0.041999999999999815,0,1962-02-01
2,-0.17,0.005350309935429743,-0.005877731780949367,-0.10898989898989919,1.0781818181818181,0.055999999999999994,0.021000000000000796,0,1962-03-01
3,-0.1,0.00212975731079564,-0.06397314061663878,-0.08745454545454523,1.043,0.055999999999999994,0.017999999999998906,0,1962-04-01
4,-0.07,-0.001066294687702188,-0.08991397461779842,0.030636363636363573,1.4418181818181817,0.055,0.010000000000001563,0,1962-05-01
5,0.0,-0.002132031894763408,-0.08538143443840437,0.03541125541125556,1.2066666666666666,0.055,0.009999999999999787,0,1962-06-01
6,-0.07,0.00956839114902623,0.0616233171524183,0.10523809523809513,1.3238095238095238,0.054000000000000006,-0.009000000000000341,0,1962-07-01
7,0.13,0.001058398926300961,0.015168590790917837,-0.03863354037267097,1.0299999999999998,0.057,0.022999999999999687,0,1962-08-01
8,0.23,0.006323068830808216,-0.04940774319475868,0.0032951945080088585,1.0842105263157895,0.055999999999999994,0.0779999999999994,0,1962-09-01
9,0.3,0.0010506192393891346,0.004433024371139099,-0.053492822966506814,1.0154545454545454,0.054000000000000006,-0.016000000000000014,0,1962-10-01
10,0.3,0.004187586340783636,0.09672460719713537,-0.009665071770334599,0.9736842105263158,0.057,0.011000000000001009,0,1962-11-01
11,0.07,0.0,0.013401604533705418,-0.05128947368421022,0.9489473684210527,0.055,-0.006000000000000227,0,1962-12-01
12,0.23,0.007285378839078962,0.04795969339579499,-0.030863636363636537,0.9409090909090909,0.057,0.0389999999999997,0,1963-01-01
13,0.33,0.011350458952861308,-0.029276364789367182,0.08747474747474726,0.921111111111111,0.059000000000000004,0.01699999999999946,0,1963-02-01
14,0.37,0.006131768129890627,0.034849927459016675,0.007460317460317167,0.951904761904762,0.057,-0.012999999999998124,0,1963-03-01
15,0.33,0.0091352415144456,0.04737998415571453,0.04238095238095241,1.1014285714285714,0.057,-0.0010000000000012221,0,1963-04-01
16,0.27,0.012045750872835246,0.01422499093134726,-0.04095238095238063,0.93,0.059000000000000004,0.0259999999999998,0,1963-05-01
17,0.3,0.0029916778106146087,-0.02040450330246404,0.06299999999999972,1.0055,0.055999999999999994,0.03500000000000014,0,1963-06-01
18,0.27,-0.003990895977742702,-0.0034657074400364723,0.02745454545454562,1.0540909090909092,0.055999999999999994,0.03200000000000003,0,1963-07-01
19,0.07,0.001997438893888212,0.0475977719034556,-0.01818181818181852,0.5186363636363637,0.054000000000000006,0.021999999999998465,0,1963-08-01
20,0.03,0.00992043801970826,-0.01109581425505435,0.0752272727272727,0.6085,0.055,-0.0030000000000001137,0,1963-09-01
21,0.0,0.006887669364506226,0.03170947160380036,0.028586956521738927,0.6113043478260869,0.055,0.03100000000000236,0,1963-10-01
22,0.13,0.004889842964978597,-0.010595046136396625,0.015677749360614612,0.6511764705882354,0.057,0.022999999999999687,0,1963-11-01
23,0.13,-0.0019545234534406484,0.0241495715807627,0.006806722689075784,0.800952380952381,0.055,0.02400000000000091,0,1963-12-01
24,0.13,0.008758218109406081,0.026570022836129054,0.038246753246752974,0.6781818181818182,0.055999999999999994,0.03399999999999892,0,1964-01-01
25,-0.03,0.006761297537822853,0.009816663694475675,-0.021262626262625872,0.6733333333333333,0.054000000000000006,0.022999999999999687,0,1964-02-01
26,-0.03,0.0,0.015053224674157468,0.07396825396825335,0.8261904761904763,0.054000000000000006,0.010000000000001563,0,1964-03-01
27,-0.07,0.01623043271202617,0.006059094527949454,0.012748917748917954,0.7768181818181819,0.053,0.011999999999996902,0,1964-04-01
28,-0.1,0.005666274919579765,0.011387221838174219,-0.03227272727272723,0.706,0.051,0.0020000000000024443,0,1964-05-01
29,-0.03,0.0028193962225273052,0.016290623129150757,-0.02999999999999936,0.67,0.052000000000000005,0.022999999999999687,0,1964-06-01
30,-0.17,0.006552469121725195,0.018075338960987862,0.01590909090909065,0.7995454545454546,0.049,0.021000000000000796,0,1964-07-01
31,0.0,0.006506365858687527,-0.016363009775475404,0.007900432900433074,0.6938095238095238,0.05,0.012000000000000455,0,1964-08-01
32,-0.03,0.003702930437577035,0.028313438803134347,0.009999999999998899,0.7752380952380953,0.051,0.02499999999999858,0,1964-09-01
33,0.1,-0.013946812576664204,0.008045476431754194,-0.015714285714285126,0.8961904761904762,0.051,0.00999999999999801,0,1964-10-01
34,0.07,0.030428867789319854,-0.005198499419826128,-0.035317460317460636,0.6377777777777778,0.048,0.02300000000000324,0,1964-11-01
35,-0.03,0.011739964098462667,0.003901405906206958,0.026767676767676996,0.3727272727272727,0.05,0.023999999999997357,0,1964-12-01
36,-0.13,0.010712092720052092,0.032618526394102565,0.009954545454545993,0.3395,0.049,0.018000000000000682,0,1965-01-01
37,0.03,0.006198598324025174,-0.0014857994618625412,0.02161111111111058,0.25222222222222224,0.051,0.0070000000000014495,0,1965-02-01
38,-0.07,0.013151946893902082,-0.014632440344666634,-0.000676328502415835,0.1708695652173913,0.047,0.020999999999997243,0,1965-03-01
39,0.03,0.004345822536969479,0.03366552877649544,-0.006625258799171974,0.11714285714285715,0.048,0.026000000000003354,0,1965-04-01
40,-0.1,0.007774561930077584,-0.007773373226531277,0.007690476190476581,0.127,0.046,0.036999999999999034,0,1965-05-01
41,0.0,0.007717761005817449,-0.0498538375635981,0.0016818181818187838,0.19772727272727275,0.046,0.047999999999998266,0,1965-06-01
42,-0.13,0.00935019183473215,0.013343765329127103,-0.008419913419913883,0.13,0.044000000000000004,0.012000000000000455,0,1965-07-01
43,-0.03,0.004221072023673456,0.022272118859858445,0.04751082251082206,0.1340909090909091,0.044000000000000004,0.004000000000001336,0,1965-08-01
44,-0.1,0.002522866762362885,0.031504892067630234,0.03820346320346335,0.33428571428571424,0.043,0.007999999999999119,0,1965-09-01
45,-0.07,0.010034486083807964,0.026978278351005407,0.05902380952380959,0.296,0.042,0.004999999999999005,0,1965-10-01
46,-0.1,0.00415098548650676,-0.008802969415003104,0.0994473684210524,0.3589473684210526,0.040999999999999995,0.028000000000002245,0,1965-11-01
47,-0.1,0.012350563003618564,0.008911165249568977,0.16650717703349383,0.3463636363636364,0.04,0.05999999999999872,0,1965-12-01
48,-0.1,0.009772992331326445,0.004856736112949754,-0.0030735930735934502,0.28809523809523807,0.04,0.019999999999999574,0,1966-01-01
49,-0.17,0.006460669618901534,-0.01803416610608169,0.2197243107769422,0.24263157894736845,0.038,0.06899999999999906,0,1966-02-01
50,-0.1,0.01359557330450431,-0.022056865371494212,0.04137299771167058,0.22956521739130437,0.038,0.04100000000000037,0,1966-03-01
51,-0.1,0.0015884360495791012,0.020301323994575845,-0.12347826086956548,0.1115,0.038,0.05799999999999983,0,1966-04-01
52,0.1,0.00946922553402043,-0.05566084710555386,0.02857142857142847,-0.05714285714285714,0.039,0.021000000000000796,0,1966-05-01
53,0.17,0.004702653138763753,-0.016270037602669134,0.03597402597402599,-0.31772727272727275,0.038,0.04200000000000159,0,1966-06-01
54,0.23,0.005459105178647241,-0.01354422510775726,0.20345454545454533,-0.158,0.038,0.0329999999999977,0,1966-07-01
55,0.2,0.0007749674352130726,-0.08094023952137212,0.20634782608695623,-0.22304347826086957,0.038,0.06500000000000128,0,1966-08-01
56,0.13,0.009281703608975235,-0.007028533424584846,-0.04196687370600394,-0.1285714285714286,0.037000000000000005,0.053999999999998494,0,1966-09-01
57,0.13,0.006903753406040027,0.04644876772776989,-0.17088095238095224,-0.45099999999999996,0.037000000000000005,0.045000000000001705,0,1966-10-01
58,0.07,-0.0069037534060400136,0.0031123585659233494,0.14376315789473715,-0.5947368421052632,0.036000000000000004,0.02499999999999858,0,1966-11-01
59,0.0,0.002305598531521722,-0.0014927232526710616,-0.3124060150375936,-0.55,0.038,0.036000000000001364,0,1966-12-01
60,-0.03,0.004706226395218329,0.07527213215723233,-0.2638095238095248,-0.29,0.039,0.0010000000000012221,0,1967-01-01
61,0.07,-0.011406010786695057,0.001960898027251168,0.04761904761904834,-0.35944444444444446,0.038,0.019999999999999574,0,1967-02-01
62,0.03,-0.005650914089983866,0.038653246698373445,-0.08484848484848495,0.04181818181818182,0.038,0.009000000000000341,0,1967-03-01
63,0.03,0.009386198744088766,0.04137173252188153,0.051681818181818606,0.562,0.038,0.028999999999999915,0,1967-04-01
64,0.07,-0.008761558398040508,-0.05386631720129273,0.2542272727272721,0.920909090909091,0.038,0.0329999999999977,0,1967-05-01
65,0.2,-0.00012720991098000802,0.01736077433058411,0.17499999999999982,1.055909090909091,0.039,0.054999999999999716,0,1967-06-01
66,0.27,-0.0022780602639265617,0.04434622724278493,0.1362727272727282,1.3775,0.038,0.05900000000000105,0,1967-07-01
67,0.27,0.01897689284957948,-0.011784201339825672,0.11665217391304328,1.393913043478261,0.038,0.054000000000002046,0,1967-08-01
68,0.3,-0.001624922277331426,0.032259167106161696,0.026347826086956516,1.3075,0.038,0.05299999999999727,0,1967-09-01
69,0.43,0.008112461026878208,-0.03589670187557363,0.17895238095238053,1.61,0.04,0.04899999999999949,0,1967-10-01
70,0.47,0.014199118243468822,0.007474674416705754,0.2725476190476188,1.6145,0.039,0.05799999999999983,0,1967-11-01
71,0.27,0.010712859555578462,0.025937296912458354,-0.05449999999999999,1.2029999999999998,0.038,0.028000000000002245,0,1967-12-01
72,0.0,-0.0010779977857333363,-0.044838203221658705,-0.1703636363636365,0.924090909090909,0.037000000000000005,0.08200000000000074,0,1968-01-01
73,-0.03,0.003576905126691892,-0.03172072119985827,0.03504784688995244,0.8778947368421053,0.038,0.07199999999999918,0,1968-02-01
74,-0.03,0.0031176184271868137,0.009356272307632793,0.17631578947368443,0.720952380952381,0.037000000000000005,0.05799999999999983,0,1968-03-01
75,0.0,0.0014457319207316663,0.07741261034678201,-0.10150000000000059,-0.10049999999999999,0.035,0.05600000000000094,0,1968-04-01
76,-0.07,0.011155758680732769,0.012440254245795961,0.23104545454545455,-0.22363636363636363,0.035,0.06599999999999895,0,1968-05-01
77,0.07,0.0036650408136929447,0.009079049552880736,-0.1515454545454542,-0.365,0.037000000000000005,0.05799999999999983,0,1968-06-01
78,0.13,-0.001532443305427784,-0.01865044937202798,-0.22254545454545394,-0.5409090909090909,0.037000000000000005,0.054999999999999716,0,1968-07-01
79,0.13,0.002785250497938479,0.011393816036804519,-0.07500000000000018,-0.6104545454545455,0.035,0.07400000000000162,0,1968-08-01
80,0.07,0.003781220702351583,0.037815253432060145,0.039545454545454106,-0.2915,0.034,0.06299999999999883,0,1968-09-01
81,0.03,0.0019829791907466426,0.007181707886010216,0.12260869565217458,-0.32173913043478264,0.034,0.0799999999999983,0,1968-10-01
82,-0.03,0.012852539659401589,0.046849628738020115,0.11350241545893702,-0.01388888888888887,0.034,0.062000000000001165,0,1968-11-01
83,-0.1,0.003153240750786249,-0.042507459518730945,0.33579365079365076,0.12380952380952381,0.034,0.038000000000000256,0,1968-12-01
84,-0.1,0.006030681151341528,-0.008217767520570764,0.009913419913418764,-0.2672727272727273,0.034,0.07199999999999918,0,1969-01-01
85,-0.03,0.006379706882599954,-0.04853294067719985,0.14712918660287144,-0.35789473684210527,0.034,0.0470000000000006,0,1969-02-01
86,0.03,0.007809390952764175,0.03386418557793749,0.10705263157894773,-0.457,0.034,0.08699999999999974,0,1969-03-01
87,0.1,-0.0036858558050395203,0.02124836277384691,-0.12266666666666737,-1.2038095238095239,0.034,0.08200000000000074,0,1969-04-01
88,0.17,-0.0037853264020649164,-0.0022206139948177674,0.15000000000000036,-2.153809523809524,0.034,0.07499999999999929,0,1969-05-01
89,0.17,0.009719985255066206,-0.05718115661911717,0.2509523809523815,-2.04,0.035,0.09100000000000108,0,1969-06-01
90,0.2,0.005266915724361083,-0.062064866330820895,0.1452380952380956,-1.7214285714285713,0.035,0.08299999999999841,0,1969-07-01
91,0.2,0.0022959007670126973,0.03929191242121548,-0.028095238095238173,-2.32047619047619,0.035,0.0519999999999996,0,1969-08-01
92,0.4,-0.00022500581786110267,-0.025341970063518512,0.4680952380952368,-1.9,0.037000000000000005,0.07900000000000063,0,1969-09-01
93,0.5,0.0002914751218497697,0.04205834332806051,-0.06406926406926416,-1.7113636363636362,0.037000000000000005,0.06500000000000128,0,1969-10-01
94,0.47,-0.009470246915135124,-0.03467586717332851,0.04866310160427911,-1.576470588235294,0.035,0.08299999999999841,0,1969-11-01
95,0.27,-0.0026875901272609957,-0.018830921748764207,0.5099732620320845,-1.204090909090909,0.035,0.08800000000000097,0,1969-12-01
96,0.3,-0.01869115652317516,-0.07955401545845142,0.1406709956709964,-1.1642857142857141,0.039,0.06899999999999906,1,1970-01-01
97,0.53,-0.0006593470593309386,0.05135210235016576,-0.5564285714285715,-1.7066666666666666,0.042,0.07700000000000173,1,1970-02-01
98,0.8,-0.0012988660509439093,0.001451460088460683,-0.16547619047619033,-0.6238095238095238,0.044000000000000004,0.047999999999998266,1,1970-03-01
99,1.07,-0.0025736703801332644,-0.09484169645480098,0.3180519480519477,-0.6950000000000001,0.046,0.0990000000000002,1,1970-04-01
100,1.27,-0.0011660170976562898,-0.0629042668107766,0.5152813852813853,0.04714285714285714,0.048,0.062000000000001165,1,1970-05-01
101,1.37,-0.0032401767418517736,-0.051327672234469345,-0.0643722943722933,0.3013636363636364,0.049,0.05099999999999838,1,1970-06-01
102,1.43,0.002452345901693156,0.07073319709221768,-0.38454545454545563,0.3481818181818182,0.05,0.07200000000000273,1,1970-07-01
103,1.47,-0.0017848610316090765,0.04349874195302824,0.06987012987012964,0.9057142857142857,0.051,0.0519999999999996,1,1970-08-01
104,1.6,-0.006917138292565285,0.03353347609334034,-0.13761904761904642,1.1257142857142857,0.054000000000000006,0.08899999999999864,1,1970-09-01
105,1.8,-0.020207023092504797,-0.01253373614725658,-0.06285714285714317,1.1395238095238096,0.055,0.0990000000000002,1,1970-10-01
106,2.03,-0.006074166014195106,0.04635620205438084,-0.48555555555555596,1.2505882352941178,0.059000000000000004,0.07900000000000063,1,1970-11-01
107,2.27,0.022703857078528126,0.0552133532008983,-0.44974747474747545,1.5436363636363637,0.061,0.08899999999999864,0,1970-12-01
108,2.37,0.007664574852686581,0.03967972545035116,-0.15286363636363554,1.943,0.059000000000000004,0.04299999999999926,0,1971-01-01
109,2.1,-0.0019079722981310905,0.009032922343707644,-0.12627777777777816,2.451111111111111,0.059000000000000004,0.05900000000000105,0,1971-02-01
110,1.77,-0.0010850306930877825,0.03613505898550257,-0.40874396135265645,1.994782608695652,0.06,0.06700000000000017,0,1971-03-01
111,1.53,0.005599566667060636,0.035644623408628145,0.13033126293995867,1.6714285714285715,0.059000000000000004,0.08000000000000185,0,1971-04-01
112,1.43,0.0050632079511836545,-0.04244669024725717,0.5586904761904758,1.7335,0.059000000000000004,0.0849999999999973,0,1971-05-01
113,1.17,0.004184476572266227,-0.009378377617328945,0.12977272727272737,1.6104545454545454,0.059000000000000004,0.09100000000000108,0,1971-06-01
114,0.97,-0.0029074773201257253,-0.03212135328942384,0.2072510822510818,1.4295238095238094,0.06,0.062000000000001165,0,1971-07-01
115,0.87,-0.005819177253582073,0.03545924138319922,-0.14679653679653715,1.0122727272727272,0.061,0.05999999999999872,0,1971-08-01
116,0.8,0.016120728669809816,-0.006991972549418007,-0.4432034632034618,0.6166666666666666,0.06,0.030999999999998806,0,1971-09-01
117,0.63,0.0074566159856790755,-0.04269225976512848,-0.21373433583959933,0.72,0.057999999999999996,0.03200000000000003,0,1971-10-01
118,0.33,0.004234984138014503,-0.0025502085864549454,-0.11578947368421044,0.9205,0.06,0.043000000000002814,0,1971-11-01
119,0.13,0.011479830997321493,0.08266638354871413,0.11636363636363534,1.8340909090909092,0.06,0.08199999999999719,0,1971-12-01
120,0.03,0.023667816458323623,0.01795903239937178,0.02125541125541197,2.4038095238095236,0.057999999999999996,0.08600000000000207,0,1972-01-01
121,-0.07,0.010083050776229226,0.024988236652569062,0.1333809523809526,2.7855,0.057,0.08299999999999841,0,1972-02-01
122,-0.03,0.006944891213347002,0.005894202403836974,-0.01236363636363702,2.230909090909091,0.057999999999999996,0.030000000000001137,0,1972-03-01
123,0.0,0.009872355785474145,0.004374745190924032,0.1258636363636363,2.025,0.057,0.03200000000000003,0,1972-04-01
124,0.07,9.473526964730116e-05,0.017127490508029572,-0.06813636363636366,1.8622727272727273,0.057,0.0470000000000006,0,1972-05-01
125,-0.07,0.0026319922140398766,-0.0220620938828409,-0.019545454545454533,1.6386363636363634,0.057,0.03200000000000003,0,1972-06-01
126,-0.13,-0.000942839519313418,0.0023306774173108944,0.006181818181818954,1.5935000000000001,0.055999999999999994,0.07600000000000051,0,1972-07-01
127,-0.1,0.013633963941876959,0.0338736157235059,0.09743478260869498,1.386086956521739,0.055999999999999994,0.06199999999999761,0,1972-08-01
128,0.0,0.007715642717166828,-0.004872776290175771,0.3390652173913047,1.7245000000000001,0.055,0.09600000000000009,0,1972-09-01
129,0.0,0.012771535556731786,0.009273915113927096,-0.07000000000000028,1.399,0.055999999999999994,0.02400000000000091,0,1972-10-01
130,-0.13,0.011770076865677765,0.04460761441838334,-0.19899999999999984,1.2335,0.053,0.06400000000000006,0,1972-11-01
131,-0.13,0.011198082864492644,0.011758826695756243,0.07800000000000029,1.0325,0.052000000000000005,0.06899999999999906,0,1972-12-01
132,-0.17,0.007225042839836005,-0.017259485172067785,0.10604545454545455,0.5090909090909091,0.049,0.06500000000000128,0,1973-01-01
133,-0.03,0.01426844362119767,-0.03821113934539171,0.1710101010101006,0.09277777777777778,0.05,0.11400000000000077,0,1973-02-01
134,-0.03,0.0004280606118497335,-0.0014336920018486968,0.07353535353535356,-0.3318181818181818,0.049,0.15499999999999758,0,1973-03-01
135,0.0,-0.0013767219604594646,-0.04165552569417425,-0.04059090909090912,-0.45999999999999996,0.05,0.16300000000000026,0,1973-04-01
136,-0.03,0.006548249473565408,-0.01906437505139743,0.17877272727272686,-0.9709090909090908,0.049,0.10900000000000176,0,1973-05-01
137,-0.07,0.0012876006742221686,-0.006596266926682109,0.05272727272727362,-1.592857142857143,0.049,0.1269999999999989,0,1973-06-01
138,-0.1,0.0036976340855684377,0.037278412874629255,0.23095238095238102,-3.301428571428571,0.048,0.08099999999999952,0,1973-07-01
139,-0.07,-0.0013961166260316703,-0.03737433153567837,0.2738302277432707,-3.045217391304348,0.048,0.25900000000000034,0,1973-08-01
140,0.0,0.007920202637356082,0.03931294280517974,-0.31425629290617874,-3.622105263157895,0.048,0.08999999999999986,0,1973-09-01
141,-0.07,0.008035045199364323,-0.0012919898438024683,-0.29624060150375886,-3.1733333333333333,0.046,0.12900000000000134,0,1973-10-01
142,-0.03,0.004549576554483608,-0.12088137566879437,-0.065785714285715,-3.38,0.048,0.18799999999999883,0,1973-11-01
143,0.03,-0.0028241465709014134,0.01643362909762641,0.015184210526316022,-3.1373684210526314,0.049,0.19000000000000128,1,1973-12-01
144,0.23,-0.006666990590416065,-0.010096933090293792,0.2449521531100478,-2.640909090909091,0.051,0.22299999999999898,1,1974-01-01
145,0.4,-0.003040599373275819,-0.0036308977075188197,-0.03141414141414067,-2.0027777777777778,0.052000000000000005,0.2740000000000009,1,1974-02-01
146,0.5,-5.949606831894254e-05,-0.023555242596637976,0.25182539682539584,-2.1266666666666665,0.051,0.2759999999999998,1,1974-03-01
147,0.43,-0.002930702508568731,-0.03983379741196225,0.3033333333333337,-2.98,0.051,0.16999999999999815,1,1974-04-01
148,0.43,0.007953347895455194,-0.03412685473789204,0.0635281385281381,-3.688636363636364,0.051,0.23900000000000077,1,1974-05-01
149,0.47,-0.0019027789157807075,-0.014774045271307656,-0.04040909090908951,-4.32,0.054000000000000006,0.20800000000000196,1,1974-06-01
150,0.57,0.0020189790827573515,-0.08098307215827948,0.26949999999999985,-5.074545454545454,0.055,0.1819999999999986,1,1974-07-01
151,0.63,-0.01065205638829282,-0.09461693887534836,0.23909090909090924,-3.9295454545454547,0.055,0.26000000000000156,1,1974-08-01
152,0.83,0.00016395621962568663,-0.12707765637850985,-0.006590909090910202,-3.2674999999999996,0.059000000000000004,0.26099999999999923,1,1974-09-01
153,1.07,-0.003166445013414281,0.15104319911278605,-0.14068181818181813,-2.1604545454545456,0.06,0.1819999999999986,1,1974-10-01
154,1.43,-0.03345026237127862,-0.05464624919635083,-0.21570707070707051,-1.718888888888889,0.066,0.19200000000000017,1,1974-11-01
155,1.83,-0.03661552585630951,-0.020357304468280935,-0.24730158730158802,-0.9923809523809524,0.07200000000000001,0.20400000000000063,1,1974-12-01
156,2.37,-0.013956193454435098,0.1158363735660757,0.06755411255411303,0.3154545454545455,0.081,0.16100000000000136,1,1975-01-01
157,2.77,-0.023076037919437638,0.058161057585108714,-0.10914141414141376,1.205,0.081,0.14199999999999946,1,1975-02-01
158,3.27,-0.01106401885974519,0.02146187256434792,0.3357777777777775,2.2855,0.086,0.08899999999999864,1,1975-03-01
159,3.5,0.0019190986129222123,0.04618188484049969,0.4988181818181818,2.7077272727272725,0.08800000000000001,0.08900000000000219,0,1975-04-01
160,3.83,-0.0029250971512293617,0.043156038279115586,-0.16729437229437139,2.8328571428571427,0.09,0.1059999999999981,0,1975-05-01
161,3.77,0.006302051608945316,0.04336839313854175,-0.1985714285714284,2.3328571428571427,0.08800000000000001,0.16600000000000037,0,1975-06-01
162,3.5,0.010365890635813987,-0.07005146590768875,0.20041125541125382,1.979090909090909,0.086,0.2289999999999992,0,1975-07-01
163,3.17,0.009798799105239807,-0.0212955721698999,0.3362554112554115,2.271904761904762,0.084,0.11700000000000088,0,1975-08-01
164,2.87,0.01285970121062896,-0.0352598751893051,0.029047619047620543,2.201904761904762,0.084,0.13400000000000034,0,1975-09-01
165,2.7,0.004328376797218574,0.05981772597096932,-0.28893939393939405,2.3227272727272728,0.084,0.1579999999999977,0,1975-10-01
166,2.27,0.0013724207892711476,0.024407690448897713,-0.08478609625668554,2.8876470588235295,0.083,0.17600000000000193,0,1975-11-01
167,1.8,0.013468112985344245,-0.0115748412385705,-0.056122994652406,2.8004545454545453,0.08199999999999999,0.15200000000000102,0,1975-12-01
168,0.93,0.013184261240912099,0.11181486047096256,-0.25443722943722946,2.9047619047619047,0.079,0.10500000000000043,0,1976-01-01
169,0.2,0.010029197479337771,-0.011467443807877717,0.05039682539682566,3.0366666666666666,0.077,0.03599999999999781,0,1976-02-01
170,-0.27,0.0020145496897215676,0.030227508796280198,-0.058429951690822435,2.896086956521739,0.076,0.04200000000000159,0,1976-03-01
171,-0.1,0.005137821519955156,-0.011056323185018374,-0.17006211180124176,2.7195238095238095,0.077,0.06299999999999883,0,1976-04-01
172,-0.1,0.004108218431171937,-0.014468590522492556,0.3307142857142864,2.6239999999999997,0.07400000000000001,0.13299999999999912,0,1976-05-01
173,0.0,0.0010489232397493757,0.040111021135830226,-0.03363636363636502,2.381818181818182,0.076,0.12300000000000111,0,1976-06-01
174,0.1,0.005620322445577,-0.008087854601699005,-0.029458874458873296,2.5333333333333337,0.078,0.14300000000000068,0,1976-07-01
175,0.3,0.006807402828287636,-0.005136914615601727,-0.06326839826839858,2.4704545454545457,0.078,0.1559999999999988,0,1976-08-01
176,0.4,0.003256281438552645,0.022388636324091705,-0.17435064935065014,2.34,0.076,0.16000000000000014,0,1976-09-01
177,0.43,-0.0002490713130968731,-0.022485813332087955,-0.18328571428571383,2.3995,0.077,0.14999999999999858,0,1976-10-01
178,0.5,0.015264411900873267,-0.007804917669384203,-0.11994736842105258,2.345263157894737,0.078,0.13100000000000023,0,1976-11-01
179,0.47,0.010675397394024675,0.05116596013005545,-0.42196172248803787,2.1913636363636364,0.078,0.1620000000000026,0,1976-12-01
180,0.27,-0.006920746553021055,-0.051851797613461516,0.3442424242424238,2.567619047619048,0.075,0.16900000000000048,0,1977-01-01
181,0.1,0.015733562933272858,-0.021898323645750714,0.1777192982456146,2.702105263157895,0.076,0.2289999999999992,0,1977-02-01
182,-0.07,0.012493215924518493,-0.014124528603630976,0.06894736842105331,2.763913043478261,0.07400000000000001,0.1479999999999997,0,1977-03-01
183,-0.1,0.009715939105143179,0.00020319008502289352,-0.08950000000000102,2.646,0.07200000000000001,0.1720000000000006,0,1977-04-01
184,-0.2,0.00779412030494082,-0.023849814654586837,0.08616666666666717,2.111428571428571,0.07,0.1509999999999998,0,1977-05-01
185,-0.07,0.007654523147915315,0.04436129185162042,-0.1812121212121216,1.8781818181818182,0.07200000000000001,0.16799999999999926,0,1977-06-01
186,-0.03,0.0013579802186388496,-0.016355153103262736,0.05454545454545556,1.9226315789473685,0.069,0.1559999999999988,0,1977-07-01
187,0.07,0.0009230407657968687,-0.02126652072377475,0.06652173913043402,1.4956521739130435,0.07,0.1410000000000018,0,1977-08-01
188,0.0,0.004032204861679425,-0.0024831880323273004,-0.05271221532091097,1.189047619047619,0.068,0.11499999999999844,0,1977-09-01
189,0.03,0.0015379261344777915,-0.04437642378168087,0.1796904761904763,1.049,0.068,0.14199999999999946,0,1977-10-01
190,-0.03,0.001895315456553944,0.02660839781679322,0.053868421052631454,1.0905263157894736,0.068,0.17600000000000193,0,1977-11-01
191,-0.13,0.0016895105678612294,0.002843154655708485,0.107869674185463,1.1104761904761904,0.064,0.14999999999999858,0,1977-12-01
192,-0.17,-0.014678800280688615,-0.06348754889159611,0.27095238095238194,1.2166666666666668,0.064,0.18299999999999983,0,1978-01-01
193,-0.2,0.005400959234364004,-0.02507363755211585,0.07714285714285651,1.2272222222222222,0.063,0.14499999999999957,0,1978-02-01
194,-0.07,0.01910407822579476,0.024625357818059357,0.0025757575757570095,1.2327272727272727,0.063,0.20300000000000296,0,1978-03-01
195,-0.1,0.019660053394631786,0.08196372269774779,0.11809090909090969,1.29,0.061,0.23899999999999721,0,1978-04-01
196,0.0,0.004875147949462775,0.004225285824482914,0.19171428571428528,0.9833333333333333,0.06,0.22700000000000387,0,1978-05-01
197,-0.17,0.00643570907047059,-0.01774181516600558,0.11655844155844264,0.8440909090909091,0.059000000000000004,0.20899999999999608,0,1978-06-01
198,0.07,-0.0007531299842069136,0.05250683598519816,0.17772727272727273,0.8414999999999999,0.062,0.17600000000000193,0,1978-07-01
199,0.0,0.004000939284077278,0.02559339575142692,-0.22913043478260953,0.3530434782608696,0.059000000000000004,0.16400000000000148,0,1978-08-01
200,0.1,0.002441758015783443,-0.007287599662987565,0.005630434782609939,-0.04700000000000001,0.06,0.18499999999999517,0,1978-09-01
201,-0.03,0.0076377444822121,-0.0960418693079571,0.22588095238095107,-0.34285714285714286,0.057999999999999996,0.2610000000000028,0,1978-10-01
202,-0.03,0.007659395621282514,0.016502903144435168,0.16261904761904766,-0.9695,0.059000000000000004,0.1869999999999976,0,1978-11-01
203,0.0,0.005039119878588927,0.014779368643160356,0.20149999999999935,-0.9925,0.06,0.15500000000000114,0,1978-12-01
204,0.0,-0.005438845896954791,0.038976572038505124,0.09304545454545554,-0.9595454545454545,0.059000000000000004,0.25200000000000244,0,1979-01-01
205,-0.03,0.004898221849187301,-0.03720932795882687,-0.001212121212121886,-0.9833333333333333,0.059000000000000004,0.17900000000000205,0,1979-02-01
206,-0.07,0.0030892016367983686,0.05368449218858234,0.018939393939394478,-0.9609090909090909,0.057999999999999996,0.2639999999999958,0,1979-03-01
207,0.0,-0.011874638991167832,0.0016719944883584112,0.06472727272727141,-0.8295,0.057999999999999996,0.355000000000004,0,1979-04-01
208,0.03,0.008789299991275668,-0.02668949497065327,0.07038095238095465,-0.9733333333333334,0.055999999999999994,0.35599999999999454,0,1979-05-01
209,0.0,0.0001602862754927782,0.0379272152268414,-0.33857142857142897,-1.3752380952380951,0.057,0.28699999999999903,0,1979-06-01
210,-0.03,-0.0016156247535437183,0.008707485357153816,0.036190476190474996,-1.5352380952380953,0.057,0.267000000000003,0,1979-07-01
211,0.07,-0.006541291429876255,0.05171705585471325,0.07956521739130551,-1.9130434782608696,0.06,0.2700000000000031,0,1979-08-01
212,0.13,-6.814104420032134e-05,0.0,0.3051716247139584,-2.0442105263157893,0.059000000000000004,0.31400000000000006,0,1979-09-01
213,0.23,0.0068917752245782095,-0.07107281258567726,0.9643540669856456,-3.514545454545454,0.06,0.29299999999999926,0,1979-10-01
214,0.17,-0.0016139086013699467,0.04174084154976219,0.3540669856459324,-2.4857894736842105,0.059000000000000004,0.25099999999999767,0,1979-11-01
215,0.13,0.0006834231439197878,0.01662812716654461,-0.26715789473684204,-3.383,0.06,0.3059999999999974,0,1979-12-01
216,0.23,0.005300485128568532,0.056025455978084254,0.41627272727272846,-2.916363636363636,0.063,0.3850000000000051,0,1980-01-01
217,0.3,0.0003714849721230879,-0.004389437299605528,1.6124641148325356,-1.7521052631578946,0.063,0.402000000000001,1,1980-02-01
218,0.4,-0.0042021608725707656,-0.10735675868805132,0.3343107769423561,-4.353809523809524,0.063,0.4609999999999985,1,1980-03-01
219,0.67,-0.020021144020758594,0.04031643036456621,-1.2757142857142867,-5.845714285714286,0.069,0.1980000000000004,1,1980-04-01
220,1.27,-0.024814564753825454,0.045518821820273746,-1.2919047619047603,-0.7799999999999999,0.075,0.29699999999999704,1,1980-05-01
221,1.77,-0.012984989429253987,0.0266114692255101,-0.4033333333333342,0.3628571428571429,0.076,0.2430000000000021,1,1980-06-01
222,2.03,-0.007142814122658102,0.06301096320808354,0.46963203463203484,1.26,0.078,0.30100000000000193,1,1980-07-01
223,1.93,0.003189335630485421,0.005818496235036661,0.8541774891774896,1.6242857142857143,0.077,0.32499999999999574,0,1980-08-01
224,1.83,0.0165584181060685,0.02485602463420267,0.4066666666666663,0.6571428571428571,0.075,0.3640000000000043,0,1980-09-01
225,1.73,0.012623743770228126,0.015894060126232765,0.24279220779220623,-1.0318181818181817,0.075,0.31799999999999784,0,1980-10-01
226,1.7,0.016529923830959654,0.09746878460279644,0.933342245989305,-3.2058823529411766,0.075,0.3260000000000005,0,1980-11-01
227,1.57,0.006578745740455762,-0.0344612064716556,0.15938502673796862,-6.114090909090908,0.07200000000000001,0.26200000000000045,0,1980-12-01
228,1.4,-0.00634507725214088,-0.046821713917851795,-0.27551948051948116,-6.291904761904762,0.075,0.39000000000000057,0,1981-01-01
229,1.23,-0.0041138598102015,0.01318936380719701,0.625873015873017,-2.7472222222222222,0.07400000000000001,0.41499999999999915,0,1981-02-01
230,1.1,0.005051911204916986,0.03539861492073584,-0.07853535353535257,-1.580909090909091,0.07400000000000001,0.2890000000000015,0,1981-03-01
231,0.83,-0.004216359209213228,-0.023735350323892644,0.5636147186147173,-2.166190476190476,0.07200000000000001,0.18199999999999505,0,1981-04-01
232,0.47,0.005678591353068402,-0.0016578752855319718,0.4199761904761914,-4.3115000000000006,0.075,0.1880000000000024,0,1981-05-01
233,0.1,0.005200418844417475,-0.010462567009002974,-0.627227272727275,-5.543636363636364,0.075,0.16799999999999926,0,1981-06-01
234,0.0,0.006488856671347224,-0.002212643484644734,0.8086363636363654,-4.784545454545455,0.07200000000000001,0.25500000000000256,0,1981-07-01
235,-0.13,-0.0012630055395408798,-0.06411087046055833,0.6562337662337665,-3.0623809523809524,0.07400000000000001,0.26599999999999824,1,1981-08-01
236,0.07,-0.004807010301755064,-0.05533486660803486,0.3866666666666667,-0.6028571428571429,0.076,0.25900000000000034,1,1981-09-01
237,0.4,-0.007754523202477587,0.0479782861033585,-0.17571428571428527,0.11904761904761904,0.079,0.19500000000000028,1,1981-10-01
238,0.8,-0.011682161347739924,0.03593683516645811,-1.7553174603174622,0.08055555555555555,0.083,0.23199999999999932,1,1981-11-01
239,1.07,-0.010902315583794377,-0.03053672386008165,0.3317676767676776,1.2754545454545456,0.085,0.13400000000000034,1,1981-12-01
240,1.23,-0.020709427975285476,-0.01769957709940086,0.8694545454545448,1.3315,0.086,0.25900000000000034,1,1982-01-01
241,1.4,0.020213406678372185,-0.062458736331431036,-0.16844444444444306,-0.31555555555555553,0.08900000000000001,0.1319999999999979,1,1982-02-01
242,1.47,-0.006776093228297903,-0.010219131896037013,-0.5642512077294697,-0.8452173913043479,0.09,0.11299999999999955,1,1982-03-01
243,1.77,-0.009272814032944676,0.039234454230169705,0.010600414078675513,-1.0533333333333335,0.09300000000000001,0.021999999999998465,1,1982-04-01
244,2.0,-0.006643603776889143,-0.03994925054366354,-0.24940476190476346,-0.9495000000000001,0.094,0.26200000000000045,1,1982-05-01
245,2.17,-0.002580025379714883,-0.02049825710612694,0.6770454545454552,0.15227272727272728,0.096,0.32200000000000273,1,1982-06-01
246,2.3,-0.0033842725684007165,-0.02325900881484829,-0.353354978354977,1.4571428571428573,0.098,0.26500000000000057,1,1982-07-01
247,2.4,-0.009122148233497853,0.10973044746600602,-0.8911904761904772,2.938636363636364,0.098,0.1389999999999958,1,1982-08-01
248,2.53,-0.002596289163842772,0.007585582157512179,-0.7159523809523805,1.9933333333333334,0.10099999999999999,0.125,1,1982-09-01
249,2.47,-0.009591190183527836,0.1047624295155961,-1.4325476190476198,1.218,0.10400000000000001,0.2540000000000049,1,1982-10-01
250,2.47,-0.003166068844476358,0.035338847117889746,-0.3559736842105252,1.3178947368421052,0.10800000000000001,0.13700000000000045,1,1982-11-01
251,2.37,-0.007153585333978456,0.01511652526707919,-0.01052631578947505,1.5186363636363636,0.10800000000000001,0.06899999999999551,0,1982-12-01
252,2.13,0.01835988370103865,0.032597136639370625,-0.08285714285714185,1.8838095238095238,0.10400000000000001,0.21300000000000097,0,1983-01-01
253,1.87,-0.006122626760418352,0.018817026438714916,0.2675939849624065,2.168421052631579,0.10400000000000001,0.07800000000000296,0,1983-02-01
254,1.57,0.00827365120921141,0.03255885228813889,-0.21821510297482938,1.6791304347826086,0.10300000000000001,0.0589999999999975,0,1983-03-01
255,1.27,0.0125807940102151,0.0723084984230436,-0.10652173913043406,1.616,0.102,0.21000000000000085,0,1983-04-01
256,0.97,0.006146407086860347,-0.012484098249138598,-0.02000000000000135,1.7190476190476192,0.10099999999999999,0.13100000000000023,0,1983-05-01
257,0.7,0.006061963294151588,0.03181797357987461,0.46863636363636374,1.8322727272727273,0.10099999999999999,0.17300000000000182,0,1983-06-01
258,0.3,0.014785129875649287,-0.030771658666753545,0.5283636363636361,2.0065,0.094,0.2629999999999981,0,1983-07-01
259,-0.07,0.01178588388090426,0.01125531823196256,0.46908695652173904,2.284782608695652,0.095,0.20000000000000284,0,1983-08-01
260,-0.23,0.014384567798422218,0.010106903596582019,-0.1922774327122152,2.209047619047619,0.092,0.16499999999999915,0,1983-09-01
261,-0.23,0.007730296361998916,-0.015290632234268693,-0.11280952380952236,2.117,0.08800000000000001,0.0799999999999983,0,1983-10-01
262,-0.37,0.004472390296988882,0.01727577440271522,0.1490000000000009,2.3278947368421057,0.085,0.06700000000000017,0,1983-11-01
263,-0.33,0.004935500515613066,-0.008873386927047356,0.1395238095238085,2.288095238095238,0.083,0.02599999999999625,0,1983-12-01
264,-0.27,0.01965854839275467,-0.009258761396368111,-0.1552380952380954,2.091904761904762,0.08,0.20600000000000307,0,1984-01-01
265,-0.2,0.004513575658874244,-0.03963448211696414,0.1678195488721812,2.221578947368421,0.078,0.3200000000000003,0,1984-02-01
266,-0.13,0.004762475816948948,0.013407739430974706,0.47698564593301285,2.415909090909091,0.078,0.15699999999999648,0,1984-03-01
267,-0.07,0.005972469934084816,0.005450629038168816,0.3144090909090913,2.2845,0.077,0.18299999999999983,0,1984-04-01
268,-0.1,0.005319945061099839,-0.06119101148812923,0.7751363636363635,2.930454545454545,0.07400000000000001,0.06099999999999994,0,1984-05-01
269,-0.23,0.0036359349727089975,0.017318445553704525,0.15422077922077904,2.48,0.07200000000000001,0.08600000000000563,0,1984-06-01
270,-0.1,0.0027802772809431358,-0.016588058083898842,-0.2004761904761896,2.0561904761904763,0.075,0.1729999999999947,0,1984-07-01
271,0.0,0.0011965214222949669,0.10105016415670413,-0.6462939958592155,1.0634782608695652,0.075,0.1490000000000009,0,1984-08-01
272,0.1,-0.002833963519764702,-0.003485789935003583,-0.19345537757436837,1.2573684210526317,0.073,0.0660000000000025,0,1984-09-01
273,0.07,-0.00040839979595755366,-6.020650834168813e-05,-0.3621770334928254,2.1586363636363637,0.07400000000000001,0.11500000000000199,0,1984-10-01
274,-0.03,0.0033358959041031888,-0.015227642804079362,-0.5878229665071757,2.1957894736842105,0.07200000000000001,0.06899999999999551,0,1984-11-01
275,-0.07,0.0004876948813529259,0.022127739181536214,-0.07313157894736655,3.1325,0.073,0.13800000000000523,0,1984-12-01
276,0.03,-0.0005243732851130863,0.07146927329237988,-0.11521428571428771,2.993809523809524,0.073,0.24499999999999744,0,1985-01-01
277,0.1,0.0029318579685620387,0.008591832460397528,0.12460317460317505,3.026111111111111,0.07200000000000001,0.2289999999999992,0,1985-02-01
278,0.13,0.0014654507146859312,-0.002874200519444346,0.34634920634920796,3.3038095238095235,0.07200000000000001,0.19400000000000261,0,1985-03-01
279,0.1,-0.0022044719842057763,-0.004604851544591819,-0.420476190476192,3.0947619047619046,0.073,0.07199999999999562,0,1985-04-01
280,0.1,0.0016985677792509342,0.05264088178523823,-0.5879437229437237,2.855909090909091,0.07200000000000001,0.1180000000000021,0,1985-05-01
281,0.1,-0.0005226102122957179,0.012060974730617525,-0.6908181818181802,2.643,0.07400000000000001,0.13600000000000279,0,1985-06-01
282,0.1,-0.005029901348819517,-0.00485932455526558,0.15081818181818107,2.4095454545454547,0.07400000000000001,0.12299999999999756,0,1985-07-01
283,0.0,0.003220585166235538,-0.01206706778006253,0.025000000000000355,2.416818181818182,0.071,0.16599999999999682,0,1985-08-01
284,-0.07,0.003702936236822659,-0.03534127341966706,0.0413397129186599,2.406315789473684,0.071,0.08500000000000085,0,1985-09-01
285,-0.07,-0.0035070281518750014,0.04163010376437992,-0.13633971291866054,2.2113636363636364,0.071,0.08400000000000318,0,1985-10-01
286,0.0,0.00346324331783987,0.0630326729238892,-0.4552392344497598,1.7357894736842103,0.07,0.14699999999999847,0,1985-11-01
287,-0.07,0.009857787538364252,0.04407534036264149,-0.5225313283208024,0.8247619047619048,0.07,0.1700000000000017,0,1985-12-01
288,-0.13,0.005225208869457607,0.0023637320134316047,-0.06523809523809554,1.2114285714285715,0.067,0.23400000000000176,0,1986-01-01
289,0.1,-0.006886772802917031,0.069049532456058,-0.4895989974937347,0.8310526315789474,0.07200000000000001,0.0,0,1986-02-01
290,0.2,-0.007093065452421125,0.05144752187339746,-0.9257105263157897,0.2425,0.07200000000000001,-0.11200000000000188,0,1986-03-01
291,0.33,0.0011328886773522618,-0.014249218791252374,-0.47940909090908956,0.2545454545454545,0.071,-0.1039999999999992,0,1986-04-01
292,0.33,0.0019077086101283293,0.04900850213320605,0.4104329004328999,0.8357142857142857,0.07200000000000001,0.09299999999999642,0,1986-05-01
293,0.3,-0.003893842771283717,0.014010948001102428,0.08999999999999986,0.848095238095238,0.07200000000000001,0.19000000000000483,0,1986-06-01
294,0.23,0.006200414435136792,-0.06047513530233148,-0.49634199134199175,0.7413636363636363,0.07,0.012999999999998124,0,1986-07-01
295,0.07,-0.0017126336284570924,0.06877262023020542,-0.1374675324675323,0.9938095238095238,0.069,0.06400000000000006,0,1986-08-01
296,0.03,0.0027398941673634856,-0.08931073731267657,0.2819047619047623,1.5276190476190474,0.07,0.16799999999999926,0,1986-09-01
297,0.07,0.004249996910524,0.053284221430574034,-0.02125541125541197,1.5645454545454547,0.07,0.09199999999999875,0,1986-10-01
298,0.13,0.003912356792507297,0.02124978579413014,-0.17580808080808108,1.156111111111111,0.069,0.09199999999999875,0,1986-11-01
299,-0.07,0.00950097463602331,-0.02869608164231129,-0.1378282828282824,-0.10954545454545452,0.066,0.07100000000000506,0,1986-12-01
300,-0.07,-0.0038627877715495377,0.12378007570339945,-0.0282272727272721,0.8915000000000001,0.066,0.242999999999995,0,1987-01-01
301,-0.07,0.013239093237626258,0.036258181087190464,0.16602631578947324,1.1321052631578947,0.066,0.18200000000000216,0,1987-02-01
302,-0.03,0.0013438909155881692,0.026047661210675557,-0.0018899521531094976,1.095,0.066,0.13799999999999812,0,1987-03-01
303,-0.13,0.0065158925467288355,-0.011516177337297796,0.7742207792207791,1.568095238095238,0.063,0.19500000000000028,0,1987-04-01
304,-0.13,0.006230441135081907,0.00601599159098053,0.5901428571428564,1.7850000000000001,0.063,0.13300000000000267,0,1987-05-01
305,-0.17,0.0053348434823878585,0.046802010278863354,-0.2107272727272722,1.6763636363636365,0.062,0.19899999999999807,0,1987-06-01
306,-0.1,0.006751550080025457,0.047097002256141135,0.04454545454545311,1.8631818181818183,0.061,0.12199999999999989,0,1987-07-01
307,-0.1,0.00746322544203304,0.03436170646313571,0.31365800865800963,2.0157142857142856,0.06,0.20900000000000318,0,1987-08-01
308,-0.07,0.003918798897397411,-0.02446295430648614,0.6614285714285728,2.1342857142857143,0.059000000000000004,0.17899999999999494,0,1987-09-01
309,0.0,0.013354935373675268,-0.2454280490561666,0.09809523809523846,2.250952380952381,0.06,0.16900000000000404,0,1987-10-01
310,-0.03,0.004925805555966006,-0.08921259993620634,-0.6594736842105284,2.1857894736842107,0.057999999999999996,0.10099999999999909,0,1987-11-01
311,-0.03,0.0054687545392610995,0.07032936400105885,0.12720095693779854,2.215,0.057,0.09899999999999665,0,1987-12-01
312,-0.07,-0.0002586344117551996,0.03963625052143875,-0.3219377990430612,1.8136842105263158,0.057,0.2080000000000055,0,1988-01-01
313,-0.07,0.005014846617850595,0.04096669171828301,-0.4537894736842105,1.6355,0.057,0.0799999999999983,0,1988-02-01
314,-0.07,0.002191873808235256,-0.033911852007609634,0.16147826086956485,1.7852173913043479,0.057,0.18500000000000227,0,1988-03-01
315,-0.13,0.005954723750137278,0.009380715439099784,0.345021739130436,1.8170000000000002,0.054000000000000006,0.2629999999999981,0,1988-04-01
316,-0.03,-0.0020263365065024547,0.003171027891648908,0.3705476190476187,2.0366666666666666,0.055999999999999994,0.15800000000000125,0,1988-05-01
317,-0.1,0.002901452597012596,0.04234661747147659,-0.16768398268398244,1.389090909090909,0.054000000000000006,0.23199999999999932,0,1988-06-01
318,0.0,0.00015531440981105118,-0.005426028857428595,0.1346363636363641,1.3105,0.054000000000000006,0.26599999999999824,0,1988-07-01
319,0.0,0.0049915267427464325,-0.03936483058865216,0.2044347826086952,1.2595652173913043,0.055999999999999994,0.1629999999999967,0,1988-08-01
320,0.03,-0.003235700420582836,0.03896036677345695,-0.28329192546583926,0.7795238095238096,0.054000000000000006,0.26900000000000546,0,1988-09-01
321,0.0,0.004401308770010004,0.025633119968803644,-0.18164285714285633,0.504,0.054000000000000006,0.18099999999999739,0,1988-10-01
322,-0.07,0.0025329881936499883,-0.01907163311158232,0.16699999999999982,0.6014999999999999,0.053,0.12899999999999778,0,1988-11-01
323,-0.03,0.004530689292726749,0.014580795838439433,0.14321428571428463,0.3338095238095238,0.053,0.1739999999999995,0,1988-12-01
324,0.03,0.002941538679183537,0.06869996767974881,-0.014214285714285069,-0.05950000000000001,0.054000000000000006,0.28700000000000614,0,1989-01-01
325,-0.07,-0.004451104525796657,-0.029371237891800857,0.07744736842105304,-0.2026315789473684,0.052000000000000005,0.1869999999999976,0,1989-02-01
326,-0.1,0.0025689366601342866,0.020592439573627015,0.1887799043062195,-0.5063636363636363,0.05,0.21000000000000085,0,1989-03-01
327,-0.03,-0.0003529989229085764,0.04887575108986489,-0.1822272727272729,-0.6635,0.052000000000000005,0.37699999999999534,0,1989-04-01
328,0.03,-0.00552557259612887,0.03453434457335714,-0.3164090909090902,-0.975,0.052000000000000005,0.2080000000000055,0,1989-05-01
329,0.13,-2.269544016287614e-05,-0.007956189189306675,-0.581818181818182,-1.249090909090909,0.053,0.125,0,1989-06-01
330,0.1,-0.009710498512913118,0.08468147448418545,-0.2587727272727278,-1.2,0.052000000000000005,0.13700000000000045,0,1989-07-01
331,0.1,0.009694287168862599,0.015397491417165792,0.09410869565217439,-0.8908695652173912,0.052000000000000005,0.006999999999997897,0,1989-08-01
332,0.1,-0.003333766741152546,-0.006565824329870139,0.0778913043478262,-0.8404999999999999,0.053,0.1280000000000001,0,1989-09-01
333,0.13,-0.0012695231553826415,-0.025497748310687626,-0.1828809523809518,-0.8276190476190476,0.053,0.22500000000000142,0,1989-10-01
334,0.2,0.0033607192053715846,0.01640599192460053,-0.13333333333333375,-0.7104761904761905,0.054000000000000006,0.12599999999999767,0,1989-11-01
335,0.13,0.0056762926259006355,0.021190686979638836,-0.038285714285714256,-0.687,0.054000000000000006,0.16799999999999926,0,1989-12-01
336,0.13,-0.005236512119588749,-0.0712996775848665,0.3706666666666667,-0.05,0.054000000000000006,0.4399999999999977,0,1990-01-01
337,0.13,0.009043082599159123,0.008502706414199632,0.26649122807017633,0.2263157894736842,0.053,0.25800000000000267,0,1990-02-01
338,0.1,0.004755929202941329,0.023965542734276302,0.11547846889951963,0.3059090909090909,0.052000000000000005,0.2220000000000013,0,1990-03-01
339,0.13,-0.0022508333978253584,-0.02725516829966913,0.1968636363636378,0.513,0.054000000000000006,0.12399999999999523,0,1990-04-01
340,0.13,0.0029498829908261286,0.08800091142270103,-0.027318181818182907,0.6072727272727273,0.054000000000000006,0.13300000000000267,0,1990-05-01
341,0.03,0.003393914013564297,-0.008926023810191917,-0.2781818181818174,0.18476190476190477,0.052000000000000005,0.26200000000000045,0,1990-06-01
342,0.07,-0.0016651863544669182,-0.005236860337682712,-0.008571428571428896,0.3242857142857143,0.055,0.14699999999999847,0,1990-07-01
343,0.17,0.0036155397477424895,-0.09906282498141365,0.28118012422360295,0.6021739130434782,0.057,0.39699999999999847,1,1990-08-01
344,0.33,0.00021470438866670133,-0.05254067814587028,0.140549199084667,0.6273684210526316,0.059000000000000004,0.3690000000000069,1,1990-09-01
345,0.4,-0.006166813289164892,-0.006720785890857207,-0.1736124401913859,0.5831818181818181,0.059000000000000004,0.34599999999999653,1,1990-10-01
346,0.5,-0.012555834643368355,0.05820684065661893,-0.32754545454545614,0.5640000000000001,0.062,0.07699999999999818,1,1990-11-01
347,0.6,-0.006975297780708998,0.024524556940845963,-0.31700000000000017,0.7375,0.063,0.05700000000000216,1,1990-12-01
348,0.77,-0.0033389831197386745,0.04067904929105102,0.016904761904763532,0.9838095238095238,0.064,0.23199999999999932,1,1991-01-01
349,0.97,-0.007319937155796795,0.06511441726691576,-0.23716791979949914,1.5742105263157895,0.066,0.030999999999998806,1,1991-02-01
350,1.2,-0.0056459764983398004,0.021959955053811844,0.25526315789473575,1.9170000000000003,0.068,0.012999999999998124,1,1991-03-01
351,1.3,0.002568951894683098,0.0003197612476616412,-0.07090909090909037,2.0731818181818182,0.067,0.1110000000000042,0,1991-04-01
352,1.43,0.009979418040244617,0.03787846479376403,0.028636363636364237,2.256818181818182,0.069,0.2539999999999978,0,1991-05-01
353,1.5,0.00803690156077275,-0.04907751017191187,0.2162727272727274,2.4175,0.069,0.1039999999999992,0,1991-06-01
354,1.53,0.002737049607040557,0.043882292478987416,-0.011272727272727323,2.43,0.068,0.09700000000000131,0,1991-07-01
355,1.4,0.00014256899634519714,0.0194582514285181,-0.372727272727273,2.21,0.069,0.14399999999999835,0,1991-08-01
356,1.17,0.008195854721430402,-0.019329330624389317,-0.25,2.1615,0.069,0.21300000000000097,0,1991-09-01
357,1.1,-0.0010465506984934936,0.011764690804727924,-0.12272727272727302,2.2877272727272726,0.07,0.11599999999999966,0,1991-10-01
358,1.0,-0.0013262387950195471,-0.04489661995735778,-0.10990430622009573,2.6042105263157898,0.07,0.13700000000000045,0,1991-11-01
359,1.0,-0.004574834808648722,0.10578950523409669,-0.32879699248120264,2.610952380952381,0.073,0.1559999999999988,0,1991-12-01
360,0.93,-0.005251118618959918,-0.020124911835929814,-0.056190476190476346,2.9214285714285717,0.073,0.08500000000000085,0,1992-01-01
361,0.9,0.007080980790716934,0.00954382274490442,0.3055137844611524,3.276842105263158,0.07400000000000001,0.15899999999999892,0,1992-02-01
362,0.77,0.008380590946748907,-0.02207368007590155,0.20437799043062288,3.530909090909091,0.07400000000000001,0.15200000000000102,0,1992-03-01
363,0.67,0.007651588620925793,0.02751077436182243,-0.06179653679653718,3.6366666666666667,0.07400000000000001,0.1700000000000017,0,1992-04-01
364,0.63,0.003282913171425453,0.0009635072406235631,-0.08847619047619038,3.5490000000000004,0.076,0.08400000000000318,0,1992-05-01
365,0.73,0.0005637853584149066,-0.017511285484140954,-0.13018181818181862,3.4572727272727275,0.078,0.11199999999999477,0,1992-06-01
366,0.87,0.009021536837824425,0.038618362837734996,-0.417272727272727,3.501818181818182,0.077,0.20900000000000318,0,1992-07-01
367,0.9,-0.00557921440933149,-0.024290180670616498,-0.2588311688311684,3.2590476190476187,0.076,0.08500000000000085,0,1992-08-01
368,0.8,0.003200920161322327,0.0090644141544072,-0.17047619047619111,3.125238095238095,0.076,0.1039999999999992,0,1992-09-01
369,0.67,0.006808739701385102,0.00210405586421754,0.17380952380952408,3.4442857142857144,0.073,0.22500000000000142,0,1992-10-01
370,0.5,0.003819756033103237,0.029812920535904664,0.28411027568922265,3.7900000000000005,0.07400000000000001,0.12599999999999056,0,1992-11-01
371,0.37,0.0015098426396889604,0.010057058909607923,-0.10315789473684234,3.803636363636364,0.07400000000000001,0.11200000000000898,0,1992-12-01
372,0.2,0.003932598920924623,0.007021264078719025,-0.16999999999999904,3.4805263157894735,0.073,0.1559999999999917,0,1993-01-01
373,-0.03,0.004827872959049659,0.010429041654892349,-0.3410526315789477,3.201578947368421,0.071,0.09700000000000841,0,1993-02-01
374,-0.1,-0.00097851210799513,0.01852463452645282,-0.283729977116705,2.863913043478261,0.07,0.132000000000005,0,1993-03-01
375,-0.03,0.002765099333077768,-0.025745372804774513,-0.005693581780538359,2.987142857142857,0.071,0.17199999999999704,0,1993-04-01
376,-0.03,-0.0037229648933110315,0.022463263988382214,0.06597619047619041,3.0185,0.071,0.20000000000000284,0,1993-05-01
377,0.0,0.002265928358108555,0.0007549516301373383,-0.07277272727272699,2.890909090909091,0.07,0.02199999999999136,0,1993-06-01
378,-0.07,0.0025618604558462813,-0.00534129861324958,-0.157489177489178,2.7133333333333334,0.069,0.1039999999999992,0,1993-07-01
379,-0.07,-0.0011078988473836116,0.033852457573435274,-0.12751082251082213,2.6263636363636365,0.068,0.1110000000000042,0,1993-08-01
380,-0.1,0.0051036402060127585,-0.010038133482406217,-0.3177272727272724,2.2204761904761905,0.067,0.06799999999999784,0,1993-09-01
381,0.0,0.007438434332736148,0.019207289080128778,-0.02600000000000069,2.3400000000000003,0.068,0.2049999999999983,0,1993-10-01
382,-0.1,0.004644315890240422,-0.012994739773819838,0.39000000000000057,2.695,0.066,0.12399999999999523,0,1993-11-01
383,-0.1,0.005778982303708997,0.010040591116877065,0.050090909090909186,2.815,0.065,0.015000000000000568,0,1993-12-01
384,0.0,0.00309049230244874,0.031983824491671184,-0.023590909090908774,2.6345,0.066,0.02200000000000557,0,1994-01-01
385,0.0,0.0006409056755347249,-0.03050565928931071,0.22265789473684094,2.7042105263157894,0.066,0.15200000000000102,0,1994-02-01
386,0.03,0.009957459930727044,-0.04682587467296497,0.5094508009153325,3.1317391304347826,0.065,0.18099999999999739,0,1994-03-01
387,-0.07,0.005915441315151103,0.011464639111236987,0.48949656750572057,3.4084210526315792,0.064,0.07800000000000296,0,1994-04-01
388,-0.17,0.004649506346378702,0.012320936987420615,0.2112280701754381,3.165238095238095,0.061,0.09600000000000364,0,1994-05-01
389,-0.17,0.006694365505436215,-0.027156214317501502,-0.08196969696969703,2.828181818181818,0.061,0.16100000000000136,0,1994-06-01
390,-0.1,0.0012622229462627686,0.03100422291367488,0.1966363636363644,2.983,0.061,0.20899999999998897,0,1994-07-01
391,0.03,0.00661980855635133,0.03690914263888793,-0.061913043478260654,2.757391304347826,0.06,0.1530000000000058,0,1994-08-01
392,0.0,0.0029628753318470752,-0.02724534331489988,0.2210559006211179,2.709047619047619,0.059000000000000004,0.07399999999999807,0,1994-09-01
393,-0.1,0.008096141060606783,0.02061972825995886,0.2868571428571425,3.0105,0.057999999999999996,0.11299999999999955,0,1994-10-01
394,-0.17,0.00671292617357961,-0.04030609078438459,0.2110000000000003,2.6734999999999998,0.055999999999999994,0.12699999999999534,0,1994-11-01
395,-0.13,0.00986895893953052,0.012224126981340542,-0.1411904761904763,2.3042857142857143,0.055,0.043000000000006366,0,1994-12-01
396,0.0,0.0019130455273524147,0.023987640275298247,-0.034309523809523235,2.1825,0.055999999999999994,0.13599999999999568,0,1995-01-01
397,-0.07,-0.0012314018825140356,0.035438711264096985,-0.31002631578947515,1.5568421052631578,0.054000000000000006,0.11899999999999977,0,1995-02-01
398,0.03,0.00145729847194532,0.026962467224111115,-0.2646910755148726,1.22,0.054000000000000006,0.12400000000000944,0,1995-03-01
399,0.07,-0.001766440072500585,0.02757654408783848,-0.14215102974828486,1.0263157894736843,0.057999999999999996,0.1769999999999925,0,1995-04-01
400,0.17,0.004849522484934367,0.03566797648446964,-0.42990430622009423,0.6077272727272728,0.055999999999999994,0.1039999999999992,0,1995-05-01
401,0.2,0.003253456697297487,0.021055362076815406,-0.4645454545454557,0.16636363636363638,0.055999999999999994,0.0660000000000025,0,1995-06-01
402,0.17,-0.004181163502159694,0.031281631936187715,0.10981818181818248,0.409,0.057,0.08500000000000796,0,1995-07-01
403,0.13,0.013058082415700932,-0.00032030179820779727,0.21026086956521617,0.7391304347826086,0.057,0.14599999999998658,0,1995-08-01
404,0.13,0.003888946654085819,0.03931448733485356,-0.29076086956521685,0.3715,0.055999999999999994,0.047000000000011255,0,1995-09-01
405,0.07,-0.0016626733743801397,-0.004991819338843618,-0.152738095238095,0.27666666666666667,0.055,0.17600000000000193,0,1995-10-01
406,0.07,0.0025252921153280303,0.04022886938718334,-0.11428571428571477,0.1323809523809524,0.055999999999999994,-0.0020000000000095497,0,1995-11-01
407,0.07,0.003388232850283658,0.017293479366880037,-0.21897619047619,0.024500000000000004,0.055999999999999994,0.13100000000000023,0,1995-12-01
408,0.17,-0.005395278831210276,0.032096688673788,-0.059119047619047294,0.007619047619047618,0.055999999999999994,0.15200000000000102,0,1996-01-01
409,0.13,0.014358087279554087,0.0069098163601865855,0.1531190476190476,0.5535,0.055,0.10800000000000409,0,1996-02-01
410,0.1,-0.0014490116362920649,0.00788538453994017,0.46307142857142747,0.9771428571428571,0.055,0.20699999999999363,0,1996-03-01
411,-0.03,0.009948431842053894,0.013342046230175701,0.2427922077922089,1.2445454545454544,0.055999999999999994,0.20600000000000307,0,1996-04-01
412,0.03,0.007582050138147326,0.02259615972339602,0.22545454545454557,1.469090909090909,0.055999999999999994,0.11899999999999977,0,1996-05-01
413,-0.07,0.007436107209028074,0.0022541528484939432,0.17518181818181855,1.6030000000000002,0.053,-0.0010000000000047748,0,1996-06-01
414,0.0,1.59207782079158e-05,-0.046827520786961854,-0.046545454545455556,1.4095454545454547,0.055,0.1460000000000008,0,1996-07-01
415,-0.17,0.0050539545606694,0.018639176083919788,-0.23000000000000043,1.4077272727272727,0.051,0.0660000000000025,0,1996-08-01
416,-0.03,0.006244020552449825,0.0527853018507915,0.1965454545454559,1.5045,0.052000000000000005,0.19599999999999795,0,1996-09-01
417,-0.07,-0.00019023142037568876,0.025766181981528097,-0.2983636363636366,1.259090909090909,0.052000000000000005,0.21000000000000796,0,1996-10-01
418,0.1,0.008903287146696888,0.0708089649496645,-0.3299521531100478,0.8857894736842105,0.054000000000000006,0.12399999999999523,0,1996-11-01
419,0.07,0.006221398194883555,-0.021739986636405875,0.09869674185463584,0.9342857142857144,0.054000000000000006,0.08100000000000307,0,1996-12-01
420,0.13,0.0017599511808212333,0.059510647522872405,0.2766666666666664,1.3280952380952382,0.053,0.09099999999999397,0,1997-01-01
421,0.13,0.01169701483667531,0.005910047767196773,-0.15957393483709215,1.2252631578947368,0.052000000000000005,0.1460000000000008,0,1997-02-01
422,0.1,0.0062817502549703235,-0.04354862047140087,0.27502631578947323,1.288,0.052000000000000005,0.07399999999999807,0,1997-03-01
423,-0.07,0.000824549062102255,0.05676356506996887,0.19095454545454515,1.339090909090909,0.051,0.06900000000000261,0,1997-04-01
424,-0.17,0.005615665860209162,0.05692544355092693,-0.17450216450216338,1.1761904761904762,0.049,-0.031999999999996476,0,1997-05-01
425,-0.07,0.004616068191577061,0.042535054616412785,-0.21714285714285708,0.9076190476190475,0.05,0.09000000000000341,0,1997-06-01
426,-0.03,0.008355028551276032,0.07524274166607597,-0.27335497835497957,0.6586363636363637,0.049,0.04200000000000159,0,1997-07-01
427,0.03,0.01008854973660974,-0.05918286528109512,0.07811688311688414,0.7447619047619047,0.048,0.055999999999997385,0,1997-08-01
428,0.0,0.009187207029078057,0.051789019050444966,-0.09000000000000075,0.6209523809523809,0.049,0.1700000000000017,0,1997-09-01
429,-0.03,0.008894567866789013,-0.03508604155478369,-0.17902597402597298,0.5045454545454545,0.047,0.09199999999999875,0,1997-10-01
430,-0.1,0.007959481852042375,0.043621422487943796,-0.1545454545454552,0.3272222222222222,0.046,0.003999999999990678,0,1997-11-01
431,-0.07,0.004270060491761626,0.015609171282679583,-0.0663636363636364,0.24545454545454548,0.047,-0.015000000000000568,0,1997-12-01
432,-0.03,0.004434913938250993,0.010098972903237103,-0.2641363636363634,0.0325,0.046,0.0350000000000108,0,1998-01-01
433,0.0,0.00178318134901647,0.06807842894737663,0.03023684210526323,0.046315789473684206,0.046,-0.03700000000000614,0,1998-02-01
434,0.0,0.0004198078195714675,0.04873842963294152,0.07253588516746401,0.12772727272727272,0.047,0.01099999999999568,0,1998-03-01
435,-0.13,0.003454933991853033,0.009035525668709443,-0.009653679653680136,0.18000000000000002,0.043,0.08800000000000807,0,1998-04-01
436,-0.1,0.00651042279396219,-0.019005643420609574,0.01488095238095255,0.18,0.044000000000000004,0.0969999999999942,0,1998-05-01
437,-0.07,-0.005955243905793912,0.03868039488845361,-0.15613636363636374,-0.10727272727272728,0.045,-0.060000000000002274,0,1998-06-01
438,0.07,-0.003980472096672357,-0.011683381142634086,-0.034999999999999254,-0.11227272727272729,0.045,0.17500000000001137,0,1998-07-01
439,0.13,0.020386081240293518,-0.15758607007429418,-0.11945887445887493,-0.21761904761904763,0.045,0.09799999999999898,0,1998-08-01
440,0.17,-0.0009216435193912802,0.06052629920018749,-0.5352380952380953,-0.7371428571428572,0.046,-0.04100000000001103,0,1998-09-01
441,0.2,0.006821843988765876,0.07723340749532363,-0.2766666666666673,-0.5571428571428572,0.045,0.1560000000000059,0,1998-10-01
442,0.17,-0.00091853099278753,0.05744407200715167,0.2973684210526324,-0.008947368421052633,0.044000000000000004,0.0030000000000001137,0,1998-11-01
443,0.0,0.004037543048429766,0.054843527731920916,-0.18236842105263218,-0.07681818181818181,0.044000000000000004,0.07200000000000273,0,1998-12-01
444,-0.07,0.004124498901976834,0.040190831279158935,0.07710526315789501,0.03473684210526316,0.043,0.09999999999999432,0,1999-01-01
445,0.0,0.005778925635036148,-0.032815090665377786,0.27684210526315844,0.2236842105263158,0.044000000000000004,-0.03999999999999204,0,1999-02-01
446,-0.03,0.0021236809707805933,0.03806060056715658,0.23366132723112099,0.40869565217391307,0.042,0.054000000000002046,0,1999-03-01
447,0.0,0.002223603026633678,0.037241815948836486,-0.048063241106719445,0.4231818181818182,0.043,0.34499999999999886,0,1999-04-01
448,-0.07,0.006111251138631612,-0.025287465853720853,0.35495454545454486,0.7985,0.042,0.046999999999997044,0,1999-05-01
449,0.03,-0.0006544849944692296,0.05300823979166552,0.360045454545455,1.1322727272727273,0.043,0.02199999999999136,0,1999-06-01
450,0.03,0.00584694640016452,-0.03257081535328095,-0.10764069264069231,0.7685714285714286,0.043,0.1910000000000025,0,1999-07-01
451,0.03,0.004377129274177142,-0.006273778377796873,0.14718614718614642,0.8522727272727273,0.042,0.13100000000000023,0,1999-08-01
452,0.0,-0.004145980519948772,-0.028967267082334575,-0.023852813852813348,0.6561904761904762,0.042,0.25900000000000034,0,1999-09-01
453,-0.07,0.012714683390767818,0.06066176674701588,0.19676190476190492,0.909,0.040999999999999995,0.12199999999999989,0,1999-10-01
454,-0.03,0.005324177313382467,0.018997664375204205,-0.07800000000000029,0.6145,0.040999999999999995,0.06499999999999773,0,1999-11-01
455,-0.03,0.007963552176365858,0.056117608039927734,0.2414545454545456,0.9659090909090909,0.04,0.16900000000001114,0,1999-12-01
456,-0.03,-0.0007567489901161653,-0.052244822952783904,0.3855454545454542,1.1039999999999999,0.04,0.1979999999999933,0,2000-01-01
457,0.0,0.0034433893001756086,-0.02031306261044836,-0.14150000000000063,0.773,0.040999999999999995,0.23000000000000398,0,2000-02-01
458,0.0,0.0039008250978977955,0.09232381212222356,-0.26297826086956366,0.3852173913043478,0.04,0.31399999999999295,0,2000-03-01
459,-0.03,0.006310207359208926,-0.03127997725807787,-0.2659954233409616,-0.02263157894736842,0.038,-0.06099999999999284,0,2000-04-01
460,0.0,0.002896544385473976,-0.022158698229963615,0.44992822966507173,0.16818181818181818,0.04,0.06099999999999284,0,2000-05-01
461,-0.03,0.0007217518121815218,0.02365163115673065,-0.3431818181818178,-0.4522727272727272,0.04,0.24900000000000944,0,2000-06-01
462,0.03,-0.001770349113440385,-0.01647625326436223,-0.04327272727272735,-0.46449999999999997,0.04,0.18499999999998806,0,2000-07-01
463,0.03,-0.002656553987181442,0.05892815758821184,-0.22791304347826102,-0.6765217391304348,0.040999999999999995,-0.0049999999999954525,0,2000-08-01
464,0.0,0.0042215096396919696,-0.054966292284748544,-0.02708695652173887,-0.7155,0.039,0.31799999999999784,0,2000-09-01
465,-0.03,-0.003692440519048159,-0.004961784973662941,-0.06042857142857194,-0.7833333333333333,0.039,0.10099999999999909,0,2000-10-01
466,-0.03,0.00022018301182739422,-0.08345613371058731,-0.021428571428571352,-0.8061904761904761,0.039,0.1039999999999992,0,2000-11-01
467,0.03,-0.0034020532677269395,0.004045193222723212,-0.47664285714285715,-1.2109999999999999,0.039,0.11400000000000432,0,2000-12-01
468,0.13,-0.004938228032294152,0.03405024645014182,-0.0795476190476192,-0.861904761904762,0.042,0.3610000000000042,0,2001-01-01
469,0.2,-0.006613339501387217,-0.09683109041654117,-0.06200501253132806,-0.4094736842105263,0.042,0.11599999999999966,0,2001-02-01
470,0.3,-0.0024854189195359097,-0.06635854393013127,-0.21349282296650696,-0.4231818181818182,0.043,0.007000000000005002,0,2001-03-01
471,0.4,-0.003521515832212467,0.07400701055598045,0.2555454545454543,0.337,0.044000000000000004,0.1319999999999908,1,2001-04-01
472,0.47,-0.005278491541207622,0.005077287698608417,0.25036363636363657,1.1595454545454544,0.043,0.1980000000000075,1,2001-05-01
473,0.53,-0.00532766429144354,-0.025354152249423972,-0.10707792207792277,1.332857142857143,0.045,0.13299999999999557,1,2001-06-01
474,0.53,-0.006098904872194563,-0.010798221205900167,-0.04809523809523686,1.4552380952380952,0.046,-0.025000000000005684,1,2001-07-01
475,0.7,-0.0008767200024324345,-0.06625560588746704,-0.26488612836438996,1.3143478260869565,0.049,-0.009000000000000341,1,2001-08-01
476,0.83,-0.005421987630588918,-0.08525661524698992,-0.23953964194373434,1.8394117647058823,0.05,-0.2569999999999908,1,2001-09-01
477,1.13,-0.003047212658335958,0.017937188329115412,-0.1649465240641712,2.065,0.053,0.26500000000000057,1,2001-10-01
478,1.4,-0.005889140181023842,0.07248435043337315,0.08468181818181897,2.5435,0.055,-0.05100000000000193,1,2001-11-01
479,1.63,-0.0003892162122405347,0.007545292033896033,0.43599999999999994,3.272,0.057,-0.07800000000000296,0,2001-12-01
480,1.6,0.006937603258720463,-0.015696373666933345,-0.05178571428571477,3.284761904761905,0.057,0.06799999999999784,0,2002-01-01
481,1.5,-6.330501943079697e-05,-0.02098488667516772,-0.12413533834586499,3.165263157894737,0.057,0.12700000000000955,0,2002-02-01
482,1.37,0.007531106754184178,0.03608007625275841,0.3724210526315801,3.5585,0.057,0.2049999999999983,0,2002-03-01
483,1.4,0.004748236450895328,-0.06338468278441352,-0.07309090909090976,3.4522727272727276,0.059000000000000004,0.31699999999999307,0,2002-04-01
484,1.43,0.004280018010883269,-0.009122942297125956,-0.04636363636363594,3.4054545454545457,0.057999999999999996,0.04999999999999716,0,2002-05-01
485,1.4,0.008181281943255505,-0.07521434327590615,-0.23804545454545512,3.175,0.057999999999999996,0.09499999999999886,0,2002-06-01
486,1.33,-0.00033091179737770605,-0.08229987183789905,-0.27331818181818157,2.916363636363636,0.057999999999999996,0.16800000000000637,0,2002-07-01
487,1.13,-0.0010276273696874616,0.004869544390315665,-0.39590909090909143,2.5031818181818184,0.057,0.15000000000000568,0,2002-08-01
488,0.9,0.0009581219777511097,-0.11656116844786664,-0.38727272727272677,2.116,0.057,0.13799999999999102,0,2002-09-01
489,0.57,-0.002634835129339539,0.08291442102875715,0.07090909090909081,2.1813636363636366,0.057,0.14000000000000057,0,2002-10-01
490,0.43,0.005470700679256212,0.05550058467611222,0.10751196172248845,2.7136842105263157,0.059000000000000004,0.07600000000000762,0,2002-11-01
491,0.3,-0.005561413962287433,-0.062229277129875436,-0.01604010025062763,2.786190476190476,0.06,0.07399999999999807,0,2002-12-01
492,0.23,0.008222491961106712,-0.027797493671422965,0.01619047619047631,2.7928571428571427,0.057999999999999996,0.22999999999998977,0,2003-01-01
493,0.2,0.0012457002478249897,-0.017149844258839787,-0.14593984962405937,2.6426315789473684,0.059000000000000004,0.32500000000000284,0,2003-02-01
494,0.13,-0.0027423719979364244,0.008322874252829663,-0.09548872180451129,2.5566666666666666,0.059000000000000004,0.19899999999999807,0,2003-03-01
495,0.13,-0.006277865118467964,0.07792735002947673,0.1514285714285708,2.694761904761905,0.06,-0.1319999999999908,0,2003-04-01
496,0.2,-0.00034396738510824936,0.04964566548928773,-0.38952380952380894,2.3004761904761906,0.061,-0.08899999999999864,0,2003-05-01
497,0.4,0.0013221344444949456,0.01125862601085219,-0.23476190476190517,2.104761904761905,0.063,0.08399999999998897,0,2003-06-01
498,0.47,0.0051491382676024395,0.01609350647877368,0.6411688311688319,2.9540909090909087,0.062,0.22800000000000864,0,2003-07-01
499,0.47,-0.0021300457717448673,0.017715343790636197,0.4697835497835485,3.435714285714286,0.061,0.262999999999991,0,2003-08-01
500,0.37,0.00646193387639253,-0.012016232567985653,-0.17095238095237963,3.2604761904761905,0.061,0.24399999999999977,0,2003-09-01
501,0.3,0.001345094545315585,0.05350426846494651,0.016168831168830167,3.274545454545455,0.06,0.010000000000005116,0,2003-10-01
502,0.23,0.006770109841992552,0.007103225356045156,0.009545454545455634,3.3044444444444445,0.057999999999999996,0.09900000000000375,0,2003-11-01
503,0.03,0.0005067832557458105,0.04951889930647121,-0.03227272727272812,3.2813636363636363,0.057,0.17300000000000182,0,2003-12-01
504,-0.1,0.0016650410350812208,0.017128882262967212,-0.11722727272727251,3.1505,0.057,0.30400000000000205,0,2004-01-01
505,-0.1,0.006183806780973909,0.012135100829125884,-0.06628947368421123,3.078421052631579,0.055999999999999994,0.16799999999999216,0,2004-02-01
506,0.0,-0.003911860434257446,-0.016494220669989047,-0.2576887871853537,2.822608695652174,0.057999999999999996,0.12199999999999989,0,2004-03-01
507,0.0,0.003870955179433598,-0.016933393494544095,0.5210973084886121,3.3414285714285716,0.055999999999999994,0.14700000000000557,0,2004-04-01
508,0.0,0.007387413060876042,0.012011024205564368,0.3678809523809532,3.7145,0.055999999999999994,0.25799999999999557,0,2004-05-01
509,-0.03,-0.007716869009351625,0.017829189249312503,0.01830952380952322,3.7009523809523808,0.055999999999999994,0.22700000000000387,0,2004-06-01
510,-0.03,0.007350288141301849,-0.034892238215330364,-0.23571428571428488,3.2280952380952384,0.055,0.07399999999999807,0,2004-07-01
511,-0.07,0.0008537223719895401,0.002284720571713859,-0.21673160173160255,2.855,0.054000000000000006,0.04099999999999682,0,2004-08-01
512,-0.07,0.0011229395721376273,0.009320336802206484,-0.15564935064935081,2.5033333333333334,0.054000000000000006,0.15800000000000125,0,2004-09-01
513,0.0,0.008860161368400296,0.01391695587821374,-0.028714285714285914,2.34,0.055,0.3439999999999941,0,2004-10-01
514,0.0,0.002450217996092096,0.03786877946113301,0.09700000000000042,2.271,0.054000000000000006,0.3100000000000023,0,2004-11-01
515,0.0,0.007775476148231215,0.03194249119319211,0.03690909090909056,2.0749999999999997,0.054000000000000006,0.043000000000006366,0,2004-12-01
516,-0.1,0.00352105681927309,-0.02561574796851591,-0.009409090909089812,1.927,0.053,0.10599999999999454,0,2005-01-01
517,0.0,0.007195688711779068,0.018726934874337724,-0.05623684210526392,1.6694736842105262,0.054000000000000006,0.22500000000000853,0,2005-02-01
518,-0.07,-0.001413432191101511,-0.01930275225452871,0.33246411483253624,1.8759090909090907,0.052000000000000005,0.242999999999995,0,2005-03-01
519,0.0,0.0020738685585671196,-0.02031351934767037,-0.15677489177489257,1.5647619047619048,0.052000000000000005,0.22799999999999443,0,2005-04-01
520,-0.1,0.0009350444775641348,0.029512223385105795,-0.19666666666666632,1.1404761904761904,0.051,0.04600000000000648,0,2005-05-01
521,-0.07,0.004365742512094557,-0.00014268747689802155,-0.14610389610389607,0.9550000000000001,0.05,0.05100000000000193,0,2005-06-01
522,-0.07,-0.0031816427853882047,0.03533645186472915,0.17931818181818215,0.9345000000000001,0.05,0.34600000000000364,0,2005-07-01
523,-0.07,0.0032856021445774766,-0.011285467972359155,0.08510869565217405,0.7734782608695652,0.049,0.33099999999998886,0,2005-08-01
524,0.03,-0.019560495358284247,0.006924907426858922,-0.06356107660455557,0.5571428571428572,0.05,0.7950000000000017,0,2005-09-01
525,0.03,0.012150318345580304,-0.01789999431377393,0.2644523809523811,0.701,0.05,0.13300000000000978,0,2005-10-01
526,0.07,0.01093632882206453,0.034581237676988605,0.07150000000000034,0.537,0.05,-0.1740000000000066,0,2005-11-01
527,-0.03,0.004815997529877078,-0.0009528500142413687,-0.06785714285714306,0.3085714285714286,0.049,0.0,0,2005-12-01
528,-0.07,0.0015777724050220596,0.02514796123051826,-0.05114285714285671,0.11599999999999999,0.047,0.4030000000000058,0,2006-01-01
529,-0.07,0.0004248692215599901,0.0004529940641520396,0.15294736842105205,0.07842105263157895,0.048,0.04999999999999716,0,2006-02-01
530,-0.07,0.0022649582332332618,0.011034733969458945,0.15496567505720904,0.13043478260869565,0.047,0.16199999999999193,0,2006-03-01
531,0.0,0.00295625358964074,0.012082373675144375,0.26661327231121223,0.22263157894736843,0.047,0.38900000000001,0,2006-04-01
532,-0.07,0.0002512791947972398,-0.0314049135858917,0.11947368421052662,0.1781818181818182,0.046,0.2259999999999991,0,2006-05-01
533,-0.03,0.0033618712484452737,8.660428539180607e-05,-0.003636363636363882,0.10863636363636364,0.046,0.2079999999999984,0,2006-06-01
534,0.03,-0.0006534862003059564,0.005072924191958309,-0.018863636363636083,-0.1625,0.047,0.2890000000000015,0,2006-07-01
535,0.07,0.00433109289906835,0.02105112458799209,-0.21097826086956584,-0.3695652173913043,0.047,0.2669999999999959,0,2006-08-01
536,0.07,-0.0018134288280255853,0.02426937619530401,-0.1575217391304351,-0.5335,0.045,-0.22299999999999898,0,2006-09-01
537,-0.07,-0.0010254730602831986,0.031021836917226073,0.010047619047619527,-0.5195238095238095,0.044000000000000004,-0.20000000000000284,0,2006-10-01
538,-0.07,-0.00026838974387625016,0.01633250512235968,-0.13380952380952404,-0.6557142857142857,0.045,0.028999999999996362,0,2006-11-01
539,-0.03,0.010202449035082953,0.012536835916847028,-0.03073809523809512,-0.6725,0.044000000000000004,0.30100000000000193,0,2006-12-01
540,0.07,-0.003581383654884499,0.013961172524527271,0.1950238095238097,-0.4990476190476191,0.046,0.284000000000006,0,2007-01-01
541,0.07,0.009597462221436709,-0.022088305664389823,-0.03689223057644053,-0.5442105263157895,0.045,0.26500000000000057,0,2007-02-01
542,0.03,0.00177172215831391,0.009930483915285941,-0.1580861244019145,-0.6963636363636364,0.044000000000000004,0.3130000000000024,0,2007-03-01
543,0.0,0.006688505801999045,0.0423798362376053,0.12926406926407008,-0.5495238095238095,0.045,0.20199999999999818,0,2007-04-01
544,0.0,0.0005374037034993417,0.032030723748061214,0.052554112554111576,-0.5031818181818182,0.044000000000000004,0.25,0,2007-05-01
545,0.03,0.0002735122133366619,-0.017976930819991094,0.3564935064935062,-0.15095238095238095,0.046,0.18299999999999272,0,2007-06-01
546,0.07,-0.0015692841025079364,-0.032504500841186675,-0.09857142857142787,-0.25857142857142856,0.047,0.132000000000005,0,2007-07-01
547,0.1,0.0019587622951774226,0.012781559065278813,-0.3295031055900628,-0.3604347826086957,0.046,0.0589999999999975,0,2007-08-01
548,0.17,0.002440617386041444,0.03516828363749106,-0.15320366132723073,-0.4447368421052631,0.047,0.3340000000000032,0,2007-09-01
549,0.2,-0.0029294564718209716,0.014713557788708606,0.006148325358851459,-0.22090909090909092,0.047,0.2639999999999958,0,2007-10-01
550,0.23,0.005612654308117803,-0.04504278936941616,-0.3792272727272721,-0.348,0.047,0.46300000000000807,0,2007-11-01
551,0.4,0.0005838827979630209,-0.00866592980480183,-0.051000000000000156,-0.12149999999999998,0.05,0.20299999999998875,0,2007-12-01
552,0.4,-0.0012434837339667397,-0.06311390960227695,-0.3532142857142859,-0.18714285714285714,0.05,0.2220000000000084,1,2008-01-01
553,0.43,-0.003665078843434809,-0.035379707842082095,-0.006785714285714395,0.775,0.049,0.17600000000000193,1,2008-02-01
554,0.47,-0.003196437830379323,-0.005977412241373905,-0.2274999999999996,0.881,0.051,0.2530000000000001,1,2008-03-01
555,0.5,-0.006878154493333307,0.04645093966005638,0.1649999999999996,1.4072727272727272,0.05,0.16400000000000148,1,2008-04-01
556,0.73,-0.0061905030711888985,0.010617586652650165,0.20500000000000052,1.8866666666666665,0.054000000000000006,0.3810000000000002,1,2008-05-01
557,0.8,-0.0026079180247585063,-0.0898835504310454,0.219523809523809,2.098095238095238,0.055999999999999994,0.6469999999999914,1,2008-06-01
558,0.97,-0.00455011066411272,-0.009908300486456212,-0.09179653679653654,1.9886363636363635,0.057999999999999996,0.41800000000000637,1,2008-07-01
559,1.1,-0.0159207695971733,0.012116797460712942,-0.12201298701298757,1.8995238095238096,0.061,-0.0730000000000075,1,2008-08-01
560,1.27,-0.044849206649193736,-0.09518078677437536,-0.199523809523809,1.821904761904762,0.061,0.07500000000000284,1,2008-09-01
561,1.5,0.010006671958915123,-0.18563648644598751,0.12790043290043274,2.796818181818182,0.065,-0.5960000000000036,1,2008-10-01
562,1.7,-0.013174441535618489,-0.07779834641708887,-0.28742424242424214,3.1394444444444445,0.068,-1.0579999999999927,1,2008-11-01
563,2.07,-0.028661751630826078,0.007791135777281755,-1.1103030303030303,2.2454545454545456,0.073,-0.49500000000000455,1,2008-12-01
564,2.37,-0.025201643484703547,-0.08954988551107096,0.10113636363636358,2.3605,0.078,0.010000000000005116,1,2009-01-01
565,2.77,-0.00599499452321388,-0.11645654382051443,0.35250000000000004,2.646315789473684,0.083,0.15800000000000125,1,2009-02-01
566,3.13,-0.015766318467034357,0.08195273621464377,-0.05045454545454531,2.6368181818181817,0.087,-0.09700000000000841,1,2009-03-01
567,3.53,-0.0078788652266285,0.0897722149209695,0.10759740259740225,2.7738095238095237,0.09,0.12600000000000477,1,2009-04-01
568,3.73,-0.00991843964433612,0.051720558420882315,0.3658571428571431,3.1185,0.094,0.09199999999999875,1,2009-05-01
569,3.9,-0.003171832097301642,0.00019581606407012827,0.42881818181818154,3.514090909090909,0.095,0.5250000000000057,1,2009-06-01
570,3.8,0.011865607554741413,0.07152197708889191,-0.1595454545454542,3.4054545454545457,0.095,0.009999999999990905,0,2009-07-01
571,3.67,0.011072240948122312,0.033009321348136535,0.02487012987012971,3.4266666666666663,0.096,0.2580000000000098,0,2009-08-01
572,3.57,0.008536932942942487,0.035100104155946166,-0.1852380952380952,3.255714285714286,0.098,0.14399999999999125,0,2009-09-01
573,3.57,0.0022724814452554976,-0.01995986522217773,-0.014285714285714235,3.27,0.1,0.33899999999999864,0,2009-10-01
574,3.47,0.004078180352814884,0.05577901558280714,0.015012531328320922,3.282631578947368,0.099,0.22400000000000375,0,2009-11-01
575,3.07,0.0034237900344803738,0.017614546700982087,0.18736842105263163,3.4713636363636367,0.099,0.0519999999999925,0,2009-12-01
576,2.57,0.010700654040132781,-0.037675141059320766,0.14315789473684237,3.616315789473684,0.098,0.19700000000000273,0,2010-01-01
577,2.03,0.0035244585414182772,0.028114744036660498,-0.042105263157895756,3.564736842105263,0.098,-0.001999999999995339,0,2010-02-01
578,1.53,0.007025182505397743,0.05713276064548312,0.036338672768879476,3.5656521739130436,0.099,0.12699999999999534,0,2010-03-01
579,1.2,0.003600299133108357,0.014651468311863144,0.1194268774703553,3.649090909090909,0.099,0.049000000000006594,0,2010-04-01
580,0.8,0.013622144074851857,-0.08553165363377013,-0.4268181818181813,3.2175,0.096,0.028999999999996362,0,2010-05-01
581,0.43,0.002199290991793916,-0.05538838013237662,-0.21590909090909172,3.027727272727273,0.094,-0.0379999999999967,0,2010-06-01
582,0.13,0.0038184607279254292,0.06651578327458964,-0.1926623376623371,2.8295238095238098,0.094,0.07699999999999818,0,2010-07-01
583,0.0,0.003664626751607158,-0.048611803170382606,-0.31279220779220784,2.5090909090909093,0.095,0.12399999999999523,0,2010-08-01
584,0.03,0.002800803569841816,0.0839284750952826,-0.05101731601731618,2.453809523809524,0.095,0.09000000000000341,0,2010-09-01
585,0.07,-0.0026960501964444048,0.036193000710687595,-0.1076190476190475,2.3495,0.094,0.2890000000000015,0,2010-10-01
586,0.13,0.0007049099480702345,-0.002292909487060143,0.22299999999999986,2.568,0.098,0.18099999999999739,0,2010-11-01
587,0.1,0.009910947752361874,0.06325651722192606,0.5279090909090911,3.107727272727273,0.09300000000000001,0.20600000000000307,0,2010-12-01
588,-0.13,-0.0021681413773624618,0.02239298525651701,0.10309090909090868,3.221,0.091,0.2740000000000009,0,2011-01-01
589,-0.3,-0.004124615409831136,0.031456595040144836,0.18231578947368465,3.418421052631579,0.09,0.25499999999999545,0,2011-02-01
590,-0.2,0.010310676459952978,-0.0010478506829378123,-0.16196796338672792,3.276086956521739,0.09,0.3689999999999998,0,2011-03-01
591,0.0,-0.0033183153212038206,0.02809691636712916,0.04065217391304321,3.3594999999999997,0.091,0.39100000000000534,0,2011-04-01
592,0.07,0.0012292630132352447,-0.013592893899637262,-0.2864285714285706,3.0752380952380953,0.09,0.2809999999999917,0,2011-05-01
593,0.2,0.002949609638396535,-0.01842623330189754,-0.16629870129870206,2.911363636363636,0.091,-0.018999999999991246,0,2011-06-01
594,0.23,0.004736276197775971,-0.021708367435427242,0.0007272727272731316,2.935,0.09,0.15800000000000125,0,2011-07-01
595,0.23,0.006346240467558939,-0.05846749161912042,-0.6999565217391308,2.205217391304348,0.09,0.2189999999999941,0,2011-08-01
596,0.2,-0.0007679288076109889,-0.0744671275427831,-0.3278053830227743,1.8914285714285715,0.09,0.13100000000000023,0,2011-09-01
597,0.17,0.0069706936479112394,0.10230659165059017,0.17676190476190512,2.08,0.08800000000000001,0.001999999999995339,0,2011-10-01
598,0.0,-0.0001180977484938728,-0.005071483436680982,-0.1385000000000005,1.9315000000000002,0.086,0.1910000000000025,0,2011-11-01
599,-0.17,0.005244496633573508,0.008496553494146353,-0.035404761904761495,1.9066666666666667,0.085,0.054000000000002046,0,2011-12-01
600,-0.2,0.005997725043411612,0.04265999901113749,-0.011595238095238214,1.8820000000000001,0.083,0.3200000000000074,0,2012-01-01
601,-0.13,0.0031647016466367205,0.039787331386417914,0.001000000000000112,1.8625,0.083,0.20999999999999375,0,2012-02-01
602,-0.1,-0.005219322575056884,0.030851535762571346,0.20522727272727237,2.0454545454545454,0.08199999999999999,0.18000000000000682,0,2012-03-01
603,-0.07,0.007121367846538366,-0.007525744796048625,-0.11987012987012946,1.9076190476190478,0.08199999999999999,0.12399999999999523,0,2012-04-01
604,-0.03,0.0021416418702915286,-0.06469925017046924,-0.24967532467532472,1.646818181818182,0.08199999999999999,-0.10599999999999454,0,2012-05-01
605,0.0,0.00017749387923549754,0.038792661243837456,-0.18080086580086574,1.4604761904761905,0.08199999999999999,-0.04800000000000182,0,2012-06-01
606,0.07,0.001994382366865564,0.012518948972710817,-0.09571428571428564,1.368095238095238,0.08199999999999999,0.033999999999991815,0,2012-07-01
607,0.03,-0.004083212816913449,0.019570602004381984,0.15159420289855063,1.5460869565217392,0.081,0.3170000000000073,0,2012-08-01
608,-0.1,-0.0005316329431196683,0.02394705705020073,0.04489702517162475,1.5736842105263158,0.078,0.2879999999999967,0,2012-09-01
609,-0.13,0.003177363922872995,-0.019987836058499683,0.02303258145363407,1.5876190476190477,0.078,0.2810000000000059,0,2012-10-01
610,-0.13,0.0038610461930380464,0.0028426587376603443,-0.09219047619047638,1.4929999999999999,0.077,-0.06500000000001194,0,2012-11-01
611,0.0,0.0028557344157418767,0.007043447111457518,0.06500000000000017,1.556,0.079,-0.015000000000000568,0,2012-12-01
612,0.0,-0.0001507419972096256,0.049197760692578335,0.1957619047619048,1.7704761904761905,0.08,0.1810000000000116,0,2013-01-01
613,-0.03,0.004773986924558497,0.010999881888155871,0.06944862155388476,1.8421052631578947,0.077,0.33899999999999864,0,2013-02-01
614,-0.07,0.004083157915010233,0.03535536713008354,-0.02671052631578963,1.8085,0.075,-0.12600000000000477,0,2013-03-01
615,-0.13,-0.0010353980767566259,0.01792416211692459,-0.19840909090909076,1.614090909090909,0.076,-0.0969999999999942,0,2013-04-01
616,-0.03,0.0009475571314103916,0.02055017475157647,0.16909090909090896,1.8195454545454546,0.075,0.06999999999999318,0,2013-05-01
617,0.0,0.0018541277295461669,-0.015112952997701294,0.3718181818181816,2.2045,0.075,0.2120000000000033,0,2013-06-01
618,-0.03,-0.0032646777848292677,0.04827775787697368,0.2822727272727277,2.49,0.073,0.11899999999999977,0,2013-07-01
619,-0.1,0.005958027266511834,-0.03179826168331884,0.1549999999999998,2.6545454545454543,0.07200000000000001,0.1419999999999959,0,2013-08-01
620,-0.13,0.005326042722885789,0.029315544388002535,0.07222727272727258,2.7285,0.07200000000000001,0.04200000000000159,0,2013-09-01
621,-0.03,-0.0011734419354871265,0.043629977912082465,-0.19359090909090915,2.5304545454545457,0.07200000000000001,0.12699999999999534,0,2013-10-01
622,-0.1,0.0025442139386063507,0.027663279564206007,0.10251196172248811,2.6336842105263156,0.069,0.14300000000000068,0,2013-11-01
623,-0.17,0.0021522736329014263,0.02328951485450324,0.18348370927318314,2.815714285714286,0.067,0.16800000000000637,0,2013-12-01
624,-0.2,-0.003834028689950699,-0.03623139652694681,-0.04380952380952419,2.7866666666666666,0.066,0.20000000000000284,0,2014-01-01
625,-0.1,0.007544235406167121,0.04221338215754876,-0.14862155388471177,2.642105263157895,0.067,0.04599999999999227,0,2014-02-01
626,0.0,0.009841523924861432,0.006908240422563322,0.013859649122807127,2.644285714285714,0.067,0.15500000000000114,0,2014-03-01
627,-0.1,0.0008233008342400684,0.006181651028472133,-0.018095238095237942,2.6152380952380954,0.062,0.17199999999999704,0,2014-04-01
628,-0.13,0.004036924819960222,0.020812198017934665,-0.1461904761904762,2.4719047619047623,0.063,0.1600000000000108,0,2014-05-01
629,-0.2,0.0033024696960695255,0.01887897875478642,0.03952380952380974,2.502857142857143,0.061,0.10599999999999454,0,2014-06-01
630,-0.03,0.0021229693696257624,-0.015194720363435775,-0.05629870129870129,2.450909090909091,0.062,0.13800000000000523,0,2014-07-01
631,-0.07,-0.0015888812830777933,0.03696366960697851,-0.12227272727272753,2.3309523809523807,0.061,-0.012000000000000455,0,2014-08-01
632,-0.07,0.003011084907602844,-0.01563545834824645,0.11428571428571432,2.4457142857142857,0.059000000000000004,0.033999999999991815,0,2014-09-01
633,-0.13,0.00018843842878699468,0.0229363944395255,-0.23019480519480506,2.2154545454545453,0.057,-0.028999999999996362,0,2014-10-01
634,-0.1,0.006164847087186324,0.02423746941943873,0.021464646464646187,2.2305555555555556,0.057999999999999996,-0.09300000000000352,0,2014-11-01
635,-0.1,0.0001669780215439227,-0.004197308450286825,-0.11828282828282788,2.085909090909091,0.055999999999999994,-0.17099999999999227,0,2014-12-01
636,0.0,-0.00797262460823404,-0.03153282180262603,-0.3257727272727273,1.765,0.057,-0.4660000000000082,0,2015-01-01
637,-0.1,-0.006399314470937906,0.053438871430552516,0.09376315789473666,1.861578947368421,0.055,0.17100000000000648,0,2015-02-01
638,-0.03,-0.0034297208785934487,-0.017549145486384792,0.06746411483253567,1.929090909090909,0.054000000000000006,0.18299999999999272,0,2015-03-01
639,-0.1,-0.005530710745190844,0.008484665914449642,-0.10772727272727245,1.8104545454545453,0.054000000000000006,0.08599999999999852,0,2015-04-01
640,0.0,-0.00453481838361843,0.010436785331839957,0.2625000000000002,2.073,0.055999999999999994,0.2330000000000041,0,2015-05-01
641,-0.07,-0.0030681898158409753,-0.021235661913586588,0.16613636363636353,2.235,0.053,0.18900000000000716,0,2015-06-01
642,-0.03,0.006256591421490476,0.019549693281665254,-0.039090909090909065,2.1940909090909093,0.052000000000000005,0.08899999999999864,0,2015-07-01
643,-0.13,-0.0017108423832238996,-0.06462471645113466,-0.15740259740259743,2.0252380952380955,0.051,0.006999999999990791,0,2015-08-01
644,-0.07,-0.0028132065519519923,-0.0267987189877159,0.005714285714285783,2.0376190476190477,0.05,-0.1349999999999909,0,2015-09-01
645,-0.1,-0.004748269909224932,0.07971934314092276,-0.1028571428571432,1.9457142857142857,0.05,0.0,0,2015-10-01
646,-0.03,-0.007211710629218718,0.000504835614613225,0.1931578947368422,2.14421052631579,0.051,0.06099999999999284,0,2015-11-01
647,-0.03,-0.004934891257751938,-0.017685671969978563,-0.020430622009569355,2.010909090909091,0.05,-0.08199999999999363,0,2015-12-01
648,-0.03,0.00496003258975101,-0.05206764093935223,-0.15746411483253597,1.7226315789473683,0.048,0.03999999999999204,0,2016-01-01
649,-0.03,-0.005201604974451856,-0.004136900440057719,-0.3057631578947366,1.4055,0.049,-0.05100000000000193,0,2016-02-01
650,0.0,-0.007709335664503624,0.06390498491988238,0.10959090909090907,1.528181818181818,0.05,0.22800000000000864,0,2016-03-01
651,0.03,0.003193639850108217,0.0026957330678163125,-0.08385281385281407,1.4385714285714286,0.051,0.3199999999999932,0,2016-04-01
652,-0.03,-0.0022629734095192073,0.015208413737977483,0.0009523809523810378,1.44,0.048,0.1600000000000108,0,2016-05-01
653,-0.03,0.004838922179115458,0.0009104321367895639,-0.16209956709956685,1.2672727272727273,0.049,0.17199999999999704,0,2016-06-01
654,-0.03,0.0011509455573589181,0.03499043894376667,-0.14009090909090927,1.1084999999999998,0.048,0.016999999999995907,0,2016-07-01
655,0.07,-0.0010375130176953438,-0.001219919360414707,0.0525217391304349,1.1608695652173913,0.049,0.13700000000000045,0,2016-08-01
656,0.1,-0.0008865343119743977,-0.0012352452011046586,0.07395445134575573,1.2357142857142858,0.05,0.1869999999999976,0,2016-09-01
657,0.1,0.0006940965093036321,-0.019616782104688858,0.13402380952380932,1.362,0.049,0.20199999999999818,0,2016-10-01
658,0.0,-0.0038504523184691316,0.033603472465471074,0.3775000000000004,1.737,0.047,0.03300000000000125,0,2016-11-01
659,-0.07,0.007055280199314098,0.018037103051757427,0.3499047619047615,1.956190476190476,0.047,0.1700000000000017,0,2016-12-01
660,0.0,-0.002272356079777781,0.01772629809300964,-0.05940476190476174,1.7774999999999999,0.047,0.37999999999999545,0,2017-01-01
661,0.03,-0.003854983750104926,0.036523097609435645,-0.013552631578947594,1.7636842105263157,0.046,0.13500000000000512,0,2017-02-01
662,-0.03,0.006214169136645609,-0.0003893059401398051,0.06279176201373016,1.695217391304348,0.044000000000000004,-0.05100000000000193,0,2017-03-01
663,-0.13,0.009969403101062875,0.009050140558437409,-0.18437070938215117,1.391578947368421,0.044000000000000004,0.18999999999999773,0,2017-04-01
664,-0.13,0.0008632680023905225,0.011509718385591177,0.0062679425837322,1.3972727272727272,0.044000000000000004,-0.042999999999992156,0,2017-05-01
665,-0.03,0.002085152777045967,0.004802282553352028,-0.11681818181818171,1.145,0.043,0.08400000000000318,0,2017-06-01
666,-0.03,-0.002499708172327899,0.019163961513693484,0.13118181818181807,1.1625,0.043,0.03699999999999193,0,2017-07-01
667,0.03,-0.004548402884849564,0.0005463430563159147,-0.10886956521739144,1.0530434782608697,0.044000000000000004,0.22400000000000375,0,2017-08-01
668,-0.03,0.0011626012880357047,0.01911895720324887,-0.007130434782608663,1.0470000000000002,0.043,0.37300000000000466,0,2017-09-01
669,-0.07,0.012365560140723153,0.02194559887830511,0.15800000000000036,1.2042857142857142,0.042,0.13100000000000023,0,2017-10-01
670,-0.1,0.002571221747403704,0.027695515330648682,-0.006666666666666821,1.1976190476190476,0.042,0.14399999999999125,0,2017-11-01
671,-0.03,0.0023459044262045866,0.009783603904362663,0.04916666666666636,1.1039999999999999,0.040999999999999995,0.1460000000000008,0,2017-12-01
672,0.0,-1.8721766468139766e-05,0.05465741778702495,0.18130952380952392,1.1676190476190476,0.04,0.3780000000000001,0,2018-01-01
673,0.0,0.0024279464788130867,-0.0397261156359207,0.2751378446115287,1.4426315789473685,0.040999999999999995,0.21699999999999875,0,2018-02-01
674,0.0,0.004534981699051253,-0.02725251295379243,-0.01656641604010023,1.3447619047619046,0.04,0.10800000000000409,0,2018-03-01
675,-0.07,0.011294728569691933,0.002715111747128934,0.02666666666666684,1.1766666666666667,0.04,0.24200000000000443,0,2018-04-01
676,-0.1,-0.009469483275339117,0.021378202402637565,0.10867965367965393,1.2777272727272726,0.038,0.17499999999999716,0,2018-05-01
677,-0.03,0.008215735786215254,0.004830713496801861,-0.06534632034632049,1.0914285714285714,0.04,0.08799999999999386,0,2018-06-01
678,0.0,0.0012634228236003977,0.03538797997679926,-0.023333333333333428,0.9790476190476189,0.038,0.10800000000000409,0,2018-07-01
679,0.03,0.006772933873276826,0.029814321663194848,8.281573498969408e-05,0.9743478260869566,0.038,0.07099999999999795,0,2018-08-01
680,-0.07,0.0004352373192947036,0.004285106720321905,0.11508009153318044,1.055263157894737,0.037000000000000005,0.21000000000000796,0,2018-09-01
681,-0.07,-0.0016737692789397319,-0.0719293490556602,0.14806220095693767,0.9640909090909091,0.038,0.1769999999999925,0,2018-10-01
682,-0.07,0.0007973366110883154,0.017701776759294796,-0.0352727272727269,0.9179999999999999,0.038,0.03499999999999659,0,2018-11-01
683,0.07,0.00031241333788010106,-0.09626528711807607,-0.2843684210526316,0.5621052631578948,0.039,0.07099999999999795,0,2018-12-01
684,0.13,-0.006608353938972666,0.07574215482837561,-0.11882205513784427,0.3138095238095238,0.04,-0.05299999999999727,0,2019-01-01
685,0.17,-0.005186618405747964,0.029295592986693514,-0.03749373433583969,0.27631578947368424,0.038,0.1880000000000024,0,2019-02-01
686,0.13,0.0001069720492779848,0.017765541837019908,-0.10536340852130355,0.16714285714285712,0.038,0.2330000000000041,0,2019-03-01
687,0.0,-0.005473150389979075,0.03856033644309039,-0.0385714285714287,0.11,0.037000000000000005,0.2909999999999968,0,2019-04-01
688,-0.07,0.0013952645351412005,-0.0680408888532043,-0.13738095238095216,0.002272727272727275,0.036000000000000004,0.07500000000000284,0,2019-05-01
689,-0.03,0.0012187739512290357,0.06665831953424144,-0.3210000000000002,-0.3015,0.036000000000000004,0.04899999999999238,0,2019-06-01
690,0.03,-0.0052486527119690336,0.013042767473010496,-0.01490909090909076,-0.3436363636363637,0.037000000000000005,0.13800000000000523,0,2019-07-01
691,0.07,0.007575708722568742,-0.018257307714875135,-0.4327272727272726,-0.49863636363636366,0.036000000000000004,0.04800000000000182,0,2019-08-01
692,0.0,-0.0031309482972101473,0.01703524052367768,0.07313636363636355,-0.35300000000000004,0.035,0.06300000000000239,0,2019-09-01
693,-0.03,-0.008550005307015428,0.020225819582931022,0.007318181818181779,-0.12318181818181818,0.036000000000000004,0.1839999999999975,0,2019-10-01
694,-0.07,0.005512998337060961,0.033480291579323126,0.10528708133971287,0.2594736842105263,0.036000000000000004,0.10699999999999932,0,2019-11-01
695,0.0,-0.00203144247839578,0.02818874101228944,0.050751879699248104,0.3119047619047619,0.036000000000000004,0.28300000000000125,0,2019-12-01
696,0.0,-0.005951435148005318,-0.0016294165896177356,-0.10523809523809491,0.20571428571428574,0.036000000000000004,0.11199999999999477,0,2020-01-01
697,0.0,0.0032964085630575405,-0.08785952093620485,-0.2534085213032582,-0.07947368421052632,0.035,0.12199999999999989,0,2020-02-01
698,0.3,-0.040811011528565276,-0.13366776859296695,-0.6342105263157897,0.24454545454545454,0.044000000000000004,-0.2890000000000015,1,2020-03-01
699,4.0,-0.14204534977639696,0.11942089623740584,-0.21238095238095234,0.6090476190476191,0.14800000000000002,-0.4350000000000023,1,2020-04-01
700,7.27,0.015579252601223104,0.0442864902305306,0.016380952380952385,0.624,0.132,0.09700000000000841,0,2020-05-01
701,9.5,0.06377139012871112,0.018221381004063585,0.054636363636363594,0.6518181818181819,0.11,0.3190000000000026,0,2020-06-01
702,8.0,0.03567157831764828,0.053636778409248576,-0.10499999999999998,0.53,0.102,0.33099999999998886,0,2020-07-01
703,6.37,0.009696666039146441,0.06771910208965368,0.026363636363636367,0.5552380952380952,0.084,0.3230000000000075,0,2020-08-01
704,5.3,-0.0003962031280975308,-0.04001810324358949,0.029523809523809508,0.5895238095238095,0.078,0.15900000000000603,0,2020-09-01
705,4.2,0.006591957015615041,-0.02805568033968923,0.10761904761904761,0.6971428571428572,0.068,0.05999999999998806,0,2020-10-01
706,3.63,0.004417035430040487,0.10214644831840361,0.08285714285714296,0.7831578947368422,0.067,0.11899999999999977,0,2020-11-01
707,3.23,0.012820635872185588,0.03644899728321611,0.06363636363636349,0.8436363636363636,0.067,0.4650000000000034,0,2020-12-01
708,3.03,0.006188305656162422,-0.011199116821942242,0.14741626794258367,0.9957894736842107,0.064,0.3930000000000007,0,2021-01-01
709,2.87,-0.034032597780628226,0.02575689966712559,0.1768421052631579,1.1821052631578948,0.062,0.38800000000000523,0,2021-02-01
710,2.33,0.027732274005927135,0.04156280869744297,0.35297482837528604,1.541304347826087,0.061,0.5609999999999928,0,2021-03-01
711,-0.07,0.0014125460433841045,0.05109732211429392,0.02413043478260879,1.5663636363636364,0.061,0.6000000000000085,0,2021-04-01
712,-0.13,0.008657475357381867,0.00547150655202215,-0.014000000000000012,1.5615,0.057999999999999996,0.5519999999999925,0,2021-05-01
713,-0.03,0.004643054082653799,0.02197084004586202,-0.10190909090909073,1.4418181818181817,0.059000000000000004,0.5640000000000072,0,2021-06-01
714,-0.23,0.004190976171097047,0.02249322924674322,-0.20051948051948054,1.22,0.054000000000000006,0.527000000000001,0,2021-07-01
715,-0.2,-0.0002558618360051311,0.02857805096868915,-0.035389610389610526,1.19,0.051,0.4449999999999932,0,2021-08-01
716,-0.37,-0.010507706583349442,-0.04873776298462272,0.09158008658008665,1.2957142857142858,0.047,0.3269999999999982,0,2021-09-01
717,-0.27,0.013631533323172528,0.06685820979817365,0.20773809523809517,1.503,0.045,0.6940000000000026,0,2021-10-01
718,-0.33,0.009068489991886924,-0.0083686511009886,-0.02299999999999991,1.48,0.040999999999999995,0.7690000000000055,0,2021-11-01
719,-0.27,-0.0007270457371221569,0.042688611280446646,-0.09450000000000025,1.3854545454545455,0.039,0.7109999999999985,0,2021-12-01
720,-0.2,0.00019564308834635856,-0.05401814986501885,0.29900000000000015,1.684,0.04,0.5549999999999926,0,2022-01-01
721,-0.13,0.006216889486809796,-0.0318627908789231,0.17021052631578937,1.8542105263157893,0.038,0.7130000000000081,0,2022-02-01
722,-0.1,0.008091223935253923,0.035148238386268404,0.19361556064073238,1.9282608695652175,0.036000000000000004,1.0,0,2022-03-01
723,-0.13,0.0022298375387794986,-0.09206783296043518,0.6196739130434783,2.4175,0.037000000000000005,0.35599999999999454,0,2022-04-01
724,-0.07,0.000616899270201651,5.3242466203463356e-05,0.15059523809523823,2.1395238095238094,0.036000000000000004,0.6970000000000027,0,2022-05-01
725,0.0,-0.001394637336127705,-0.0876515744801734,0.24523809523809526,1.956190476190476,0.036000000000000004,1.0889999999999986,0,2022-06-01
726,-0.03,0.002215931221035721,0.08720134427422459,-0.24733333333333363,1.2414999999999998,0.035,0.03100000000000591,0,2022-07-01
727,0.03,0.0011618615918154974,-0.04336702120583717,0.0018260869565218663,0.5678260869565218,0.036000000000000004,0.3399999999999892,0,2022-08-01
728,0.0,0.003505518026258395,-0.09804919930362435,0.6212215320910977,0.939047619047619,0.035,0.375,0,2022-09-01
729,0.07,-0.000854202068784343,0.07683460219574133,0.46445238095238084,0.9035,0.036000000000000004,0.51400000000001,0,2022-10-01
730,0.07,-0.0032766913848952628,0.052357944725214406,-0.09250000000000069,0.136,0.036000000000000004,0.3299999999999983,0,2022-11-01
731,0.03,-0.012484278858163509,-0.060781799048487496,-0.2748095238095236,-0.4757142857142857,0.035,0.18200000000000216,0,2022-12-01
732,-0.07,0.009004128794802543,0.05992115787903165,-0.0846904761904761,-0.7985,0.034,0.6039999999999992,0,2023-01-01
733,0.0,0.0005127758654281456,-0.02645943030685264,0.2153421052631579,-0.8184210526315789,0.036000000000000004,0.39399999999999125,0,2023-02-01
734,0.0,0.00013617710047492744,0.03445125384186044,-0.08379862700228813,-0.99,0.035,0.15200000000000102,0,2023-03-01
735,0.0,0.003977904510810005,0.014536196592679839,-0.20304347826086966,-1.3699999999999999,0.034,0.4170000000000016,0,2023-04-01
736,0.03,-0.0023588187751436623,0.002479248057984054,0.11363636363636376,-1.4722727272727274,0.037000000000000005,0.1700000000000017,0,2023-05-01
737,0.07,-0.005843362370637892,0.06271890993761445,0.17445887445887465,-1.3276190476190475,0.036000000000000004,0.2950000000000017,0,2023-06-01
738,0.1,0.006729541767840948,0.030663933087959953,0.15140476190476138,-1.2175,0.035,0.1629999999999967,0,2023-07-01
739,0.13,0.00022214968226472854,-0.01787524701848843,0.26832608695652205,-1.1621739130434783,0.038,0.36700000000000443,0,2023-08-01
740,0.2,0.0020639222222426853,-0.04994608771197091,0.21117391304347777,-0.951,0.038,0.42199999999999704,0,2023-09-01
741,0.33,-0.0070913257820801314,-0.02222483997777142,0.4190952380952391,-0.5319047619047619,0.038,0.034000000000006025,0,2023-10-01
742,0.3,0.0030048950675382936,0.08542444438757674,-0.29523809523809597,-0.8271428571428572,0.037000000000000005,-0.006000000000000227,0,2023-11-01
743,0.23,-0.0024902977431991782,0.04327897629406807,-0.4828571428571422,-1.31,0.037000000000000005,0.1869999999999976,0,2023-12-01
744,0.2,-0.01124776021537046,0.01577073041880103,0.03809523809523796,-1.2719047619047619,0.037000000000000005,0.512999999999991,0,2024-01-01
745,0.27,0.012180766901750682,0.05042750432692709,0.14940476190476204,-1.1225,0.039,0.3790000000000049,0,2024-02-01
746,0.3,-0.0020278181406319313,0.030547405358412088,0.0009999999999994458,-1.1215,0.038,0.41800000000000637,0,2024-03-01
747,0.37,-0.0006898688595840061,-0.04250574745999363,0.33059090909090916,-0.7909090909090909,0.039,0.3219999999999885,0,2024-04-01
748,0.37,0.007465627743197468,0.046903838078814306,-0.05681818181818166,-0.8477272727272727,0.04,-0.009999999999990905,0,2024-05-01
749,0.43,0.0006218056389490972,0.03408230240557078,-0.17700956937799095,-1.0247368421052632,0.040999999999999995,0.14499999999999602,0,2024-06-01
750,0.53,-0.009475442710562108,0.011257742193535576,-0.05662679425837247,-1.0813636363636363,0.043,0.18900000000000716,0,2024-07-01
751,0.57,0.008110256107959441,0.01253541165588292,-0.3796363636363642,-1.4609999999999999,0.042,0.11199999999999477,0,2024-08-01
